"","user_screen_name"
"1","the_real_LAFord"
"2","DawnSCrawford"
"3","Badmoon2nite"
"4","ghostrider050"
"5","062ccr"
"6","anthonymansini"
"7","1776BetsyRoss"
"8","yanksirish2798"
"9","format_c"
"10","UnderhillVicky"
"11","Anthony73116704"
"12","Sir_Mikulenka"
"13","MistySpectre"
"14","bturner_cc"
"15","jwhite16"
"16","politicalkiss"
"17","drivebyag"
"18","Sarabellambg"
"19","SG_Lefty"
"20","Beefanator3000"
"21","maplesjk61"
"22","smizoker"
"23","CheckYourMedia"
"24","TXSVIKING"
"25","tap_gary"
"26","Alberta17465930"
"27","JeffLege"
"28","MadelaineWick1"
"29","TexasKimberley"
"30","cantaya6"
"31","jhrogers58"
"32","DRADAIV"
"33","leslieha3"
"34","bette_crooke"
"35","OilFart1"
"36","matthewevan71"
"37","TRUMP4ISRAEL"
"38","HectorMCaballer"
"39","jen_myPsalms182"
"40","RCJETTE"
"41","pfiec"
"42","KelseySHagen"
"43","LiddlePhyllis"
"44","TheLaurieKirk"
"45","JoeBiala"
"46","getvertical86"
"47","UnitedByLoveNYC"
"48","junipersage1"
"49","blindcowboy"
"50","SylviaAlva5"
"51","Italia191"
"52","dickysmall88888"
"53","b_mitchellll"
"54","avidrunner7"
"55","MichaelDeanSpa2"
"56","Seektruthalways"
"57","tristhans3n"
"58","Jobo09943263"
"59","theTexan65"
"60","kym_rdschick"
"61","nmojomn"
"62","DeplorableSunny"
"63","FuriousFarmBoy"
"64","skosub"
"65","littleriver1924"
"66","immreformer"
"67","Athenean1975"
"68","Kittaene"
"69","alkhciosbihadal"
"70","Toni_Scurlock"
"71","mikeeey1234"
"72","Phil23747604"
"73","CarlPostuma"
"74","ddubyuh"
"75","Gann0n8r"
"76","ShaneAn55659757"
"77","AliceBobby"
"78","mimismurf965"
"79","JavierL4USA"
"80","Justa47yearold2"
"81","Kimmerztweets"
"82","globalNick72"
"83","zanechaffins"
"84","RufusFlinchum"
"85","UdvTANBgkh9NQth"
"86","JanWhiz2"
"87","fcfootsteps"
"88","RichardGillia"
"89","G_Eternal"
"90","lulubelle56"
"91","ZamboniJoe1"
"92","mso_915"
"93","HoukDebbie"
"94","2texasmom"
"95","manasco_lisa"
"96","BIGED5269"
"97","MamaPatriot1"
"98","BeyondTN"
"99","CEB_AmeriCan"
"100","Al_in_Maine"
"101","shadow941x"
"102","jhigg1212"
"103","Rob58367076"
"104","MillerStacy48"
"105","BeauLauria"
"106","mechanic_47"
"107","LM16612718"
"108","auntyrick"
"109","KNTKYkristofer"
"110","syl_131"
"111","BrandonJLandry"
"112","jeffgarrett1999"
"113","LstConservnCA"
"114","AniQuadros"
"115","Catheri71000729"
"116","jennasdad73"
"117","h_yawn"
"118","rkhlegacy"
"119","huntervance75"
"120","StefanoVP2013"
"121","Timothy26396065"
"122","apriljamison59"
"123","Mjs150"
"124","barking_jimbob"
"125","beeluzjams"
"126","WABLHat"
"127","Hl24429583"
"128","realPEDRO6"
"129","mPresley9"
"130","Kaakii"
"131","shornbeck22"
"132","gumdoc69"
"133","worldly401"
"134","JacquelineLelsz"
"135","The_PhilMadison"
"136","alirezakhosh275"
"137","WeWhoDieSaluteU"
"138","EECC506"
"139","OnesoG"
"140","rratkinson"
"141","BrewerBarbara"
"142","RightToLife_USA"
"143","javukasin"
"144","StotlerGerry"
"145","BlueIslandPadre"
"146","lfsanjuan"
"147","cherrietaz2"
"148","JanFrye"
"149","Womanofsteel6"
"150","stephany_oakley"
"151","JonDFrost44"
"152","SupportAnimals"
"153","dsteding"
"154","FergusonMadDog"
"155","TheWarEvent"
"156","Chelle_Court13"
"157","USAFirst55"
"158","JennasRedPill"
"159","NaldrettPat"
"160","ATLUGAGURL"
"161","virgini97643191"
"162","rromona"
"163","artech42"
"164","LorettaSteddum"
"165","Jeh57John"
"166","b_roelf"
"167","KijaFlock"
"168","bradleybo62"
"169","armyproud7"
"170","lorrifrench1"
"171","GRR1179"
"172","lisewski_jason"
"173","deborah_bivens"
"174","Margie_Far"
"175","PatGraetz"
"176","Tacking_Port"
"177","kevin9359"
"178","Dlw20161950"
"179","betsy_ysteb"
"180","lauraandrhino"
"181","HTownStacyBrown"
"182","paulson_dwight"
"183","sabersaw112"
"184","Stips620"
"185","Meggypaul"
"186","NMRJr"
"187","mbolch"
"188","will_tremaine"
"189","KonniBurton"
"190","tanaii36"
"191","mydogskylar"
"192","Dmacmd"
"193","shiftzz"
"194","Merrydaze2"
"195","ZigTj"
"196","vaughanm66"
"197","KenNBeaulieu"
"198","elteyeb33"
"199","ianlamroti"
"200","JBW227"
"201","HScot9"
"202","jimaggie93"
"203","eyez4cedopen"
"204","oilofjoy7"
"205","MikeShenk2"
"206","confusedabout"
"207","AtlantaLiberal"
"208","ArthurAndrew"
"209","dotis1156"
"210","GlendaDavalos1"
"211","brannwt"
"212","elizabethpurse1"
"213","george12a"
"214","JasonSm90876769"
"215","FuzzyTaco75"
"216","terresamonroe"
"217","JoLoDiBenedetto"
"218","JTS_1957"
"219","uiwttreinanx"
"220","alabingbong"
"221","Beans4memes"
"222","palmarino777"
"223","roberto_cojones"
"224","Benny60932533"
"225","neff630"
"226","JamesPo40270059"
"227","darhtan"
"228","sisterwash65"
"229","BrendaTumlinso1"
"230","WesleyA93899906"
"231","shancoggins"
"232","sjlnlgl5451"
"233","LavondaGalt"
"234","mama_arroz"
"235","tradingwave3"
"236","rjhrrlfam7"
"237","mshepp1969"
"238","oscar67363717"
"239","jacques_comet"
"240","gloria593265591"
"241","Deborah89276464"
"242","hawaiihao"
"243","Madii_m_"
"244","RamonDuarte21"
"245","JimW_in_NM"
"246","kalolakini"
"247","RealityGoneWild"
"248","BC4ever54"
"249","1stLineDefense"
"250","paulaledfordwa1"
"251","Haftalaff220"
"252","crust53"
"253","Jacob_Roseman"
"254","IVIich4eL"
"255","Belladontbite"
"256","BryanPierson5"
"257","Victoriaboehm1"
"258","jds1962mrs"
"259","LoriLeeRivero"
"260","TomMcLa89830248"
"261","vikasmittal"
"262","BoilerPhin"
"263","mlafinancial"
"264","Farmchick3157"
"265","myfoxchannel"
"266","toccoacamp"
"267","droiddan"
"268","SargeSummers"
"269","jsblcb"
"270","abbycool30"
"271","NarcoSoprano"
"272","AlexBHouston"
"273","pyongtaek131"
"274","SusieTrumpster"
"275","MariaGu74395512"
"276","holeshot413"
"277","chloebearsmomm"
"278","JimJimwil"
"279","asyoureadthis"
"280","ruhoward4"
"281","WayneWylie1"
"282","richsju9"
"283","hayag_jerry"
"284","wkieefer"
"285","denice_62"
"286","larrym0131"
"287","PeteDKY"
"288","Nelliellama"
"289","DwyerEllen"
"290","RUSSOCPAMBA"
"291","mark_mandrino"
"292","Sgroberts121657"
"293","LateHitsNYC"
"294","EdwardPishkin"
"295","Michele_Gman"
"296","Mrsnknk"
"297","backfifty_sara"
"298","Kelse_j"
"299","ReedJutsus"
"300","truthandtrustfl"
"301","JohnJbpaint"
"302","BKDstudio1"
"303","Kydaddy19751"
"304","lorylovesanimal"
"305","ginocarr"
"306","Patrici86405735"
"307","kena_brian"
"308","lylestoner"
"309","Tenngun1"
"310","trumpp_j"
"311","Eddiegreen58"
"312","ConservativeCR"
"313","CandyCain79"
"314","desireekraft3"
"315","Punisher_72"
"316","paigeandcambell"
"317","jazzrtrish"
"318","scasey79"
"319","VicGobbi"
"320","Elizabe03983224"
"321","DavisDebra13"
"322","Bowles1963Linda"
"323","MMM_iam"
"324","debrand1827"
"325","SerinaFair1"
"326","outsideingirl"
"327","harrington_gigi"
"328","lanedvnpt"
"329","Lindalu192"
"330","linckerney"
"331","bradscott78013"
"332","lyndraz5"
"333","pghk1d"
"334","rgwiese"
"335","hollyshansen"
"336","akidwell72"
"337","jricks111"
"338","Texasgalz"
"339","david_quickel"
"340","RosieAndujar"
"341","Autin96888421"
"342","gregghoulden"
"343","JimMcQuerry"
"344","jeffrey75070"
"345","Mommafrogg"
"346","truckgirl65"
"347","djvrobin"
"348","Chris_Domingu3z"
"349","artnpen75"
"350","Arleekas"
"351","antonio_norat"
"352","LesterVictor1"
"353","Jennifer0903197"
"354","nailsue1"
"355","2calm2loose"
"356","BestPOTUS_TRUMP"
"357","shellhorse_8"
"358","MikeAndersen76"
"359","deb9455"
"360","fdseaboch"
"361","paliawn88"
"362","BrownMann4"
"363","MikeSlaton4"
"364","Tjsweetsong"
"365","MannoiaChris"
"366","Lolli_Pops5"
"367","RaeGielau9"
"368","DC1031"
"369","GOPHeel"
"370","psycdr121"
"371","carlesjk1"
"372","tunarose2"
"373","AmandaGendke"
"374","NoelleBebout"
"375","RonKlinebriel1"
"376","Jantxnc"
"377","JewelsJones1"
"378","JerryJe21457013"
"379","KarrieKarin1956"
"380","sarasdgv"
"381","PatriotFNP"
"382","jspellm"
"383","Aggies_R_We"
"384","PatriotsforTru1"
"385","bennergui"
"386","Schypha"
"387","marcmargolis"
"388","DonnaLanphear"
"389","CLR78253"
"390","ichismom"
"391","Leeannslife"
"392","mc_randman"
"393","TinfoilMama"
"394","Rz88Tom"
"395","NitaDry"
"396","Maddy831Annette"
"397","franginter"
"398","SpillMyTincture"
"399","sandyj1228"
"400","Peter78701"
"401","VNTEXAS"
"402","dantevos95"
"403","Vicky12190937"
"404","BrendaFinley63"
"405","Reno1949"
"406","drgriffin10"
"407","GMB4TRUMP"
"408","MrDavisblessed"
"409","MrCSavage"
"410","GentryLaura"
"411","ATxFellow"
"412","Jjptl"
"413","bshepard50"
"414","rickjm1961"
"415","AmeriCa84883579"
"416","krughta1"
"417","beaglebabe48"
"418","RrineerRineer"
"419","EdwardPDeRosa"
"420","RINOBusters"
"421","AlexAranda79"
"422","DorisAn72913211"
"423","stkhlder3"
"424","peralta1878"
"425","Socia1Reluctant"
"426","dkk27351"
"427","KathyKoster1"
"428","DRibFoo"
"429","BeckyReusnow"
"430","dsternagle"
"431","PaulWosny"
"432","PatrickOHenryTX"
"433","JCMentorMom"
"434","angela_lois74l"
"435","NurseOnThis"
"436","OecSmith"
"437","johnrho22373087"
"438","a_brown11"
"439","buddycoleman568"
"440","sgtbillco"
"441","KimK_NY"
"442","bobsantero"
"443","rosheenamend"
"444","yinyang9"
"445","bsuall"
"446","r26862"
"447","JohnGaltReport"
"448","snappynappy"
"449","ResedaMireille"
"450","SesslarMark"
"451","mareme86"
"452","JeanD64"
"453","TexianRising"
"454","TEXASDENNY"
"455","MikeDollins"
"456","joyfacey"
"457","thecbrzero"
"458","MinervaMilne"
"459","WRAUER"
"460","Bodydoc2002"
"461","texasbrucem"
"462","JArnold47761657"
"463","merican_hero"
"464","familyliss"
"465","Rockyporty"
"466","briankaufmann"
"467","BondSora"
"468","qldlander"
"469","SafeInTheArms"
"470","larry_longmore"
"471","Necie_624"
"472","derekjwhite01"
"473","MikeEsqueda2"
"474","1AnnaStanley"
"475","OnePlumpNation"
"476","racheld48040847"
"477","ginaloera3"
"478","averyklatsky"
"479","d2ddickey"
"480","USMC_CPD296"
"481","RealGir20221950"
"482","troy4trump_99"
"483","mswaller48"
"484","DeplorableLL"
"485","RoycePhillips"
"486","RWDiogo"
"487","BlueRunner56"
"488","tturdburger68"
"489","FlyingSpider71"
"490","kimdee2"
"491","Doubldc"
"492","bjharroun"
"493","kgypatsfan"
"494","Epluribusunimus"
"495","BryanCourtney9"
"496","Theresa46553873"
"497","sheryltfree"
"498","edwarddreed"
"499","JWMartinGoNoles"
"500","BiddyThe"
"501","Patrici38689756"
"502","misha1dibbs"
"503","GatlinGatlin5"
"504","JillMayfield"
"505","josephadeangelo"
"506","hargroder_mary"
"507","lonewolflair"
"508","brink53d"
"509","JanviOza1"
"510","jlorenz1110"
"511","CoffeyJ317"
"512","BubbaEveridge"
"513","Shutch20"
"514","DavidHuntSmith"
"515","golfsally"
"516","WillisTobin"
"517","porshetiam"
"518","mjdallasblue"
"519","lisasolis211"
"520","TrueAg76"
"521","Frank26689741"
"522","Audrakat"
"523","TrumpTweets45"
"524","rsensitivelife1"
"525","shimjelly"
"526","ranchmemaw"
"527","zipnpose"
"528","LJR1106"
"529","Nagk8"
"530","twd1949"
"531","DeplorableBride"
"532","sheep_stand"
"533","QuantumTransfer"
"534","Ralph_F_Mariano"
"535","Prinsenrose"
"536","gaurdello"
"537","Deplorable4TX"
"538","grammyrepub"
"539","rperry665"
"540","JohnAnd011"
"541","debamelxof"
"542","PeaceMakerTrump"
"543","Derekle30414249"
"544","AllanSpringer"
"545","redwing13040774"
"546","jack53224797"
"547","Lynrandelle"
"548","almfox"
"549","Vicki06242573"
"550","Trueplants"
"551","JOYJOHNSON14"
"552","AvrettKaren"
"553","SillyLibs_"
"554","TexBeckham"
"555","EdDeLosh"
"556","thathad2hurt"
"557","LynnieLorenz"
"558","acecigars"
"559","FoxtrotKilo39"
"560","JoelRooks"
"561","Greg05Jackie25"
"562","iOSDevTopix"
"563","KayV34"
"564","ginamulder2323"
"565","nsmarine_elisa"
"566","Rgrm002000"
"567","DjangoWolfe"
"568","wildhorse24"
"569","CooperGetschal"
"570","MaryAnn4Trump"
"571","RandyCo34346596"
"572","tamjjam"
"573","starrbasket"
"574","tweetmerite1"
"575","andreacitymom"
"576","CandyGirlCLW"
"577","jerrylmassey"
"578","JamesGillen5"
"579","notsofastlane56"
"580","KateQui87924488"
"581","derdarr1959"
"582","slghenderson87"
"583","wazzyb1"
"584","J_Wade_Miller"
"585","JudiLynnMitche1"
"586","TommyJo33624688"
"587","MichaelAllocco2"
"588","EdwardGXB"
"589","rob_asselin1"
"590","shayken13"
"591","AlexandraBlues"
"592","ShellySATX"
"593","llutkus"
"594","patmcguinness"
"595","JGalt09"
"596","dig_unc"
"597","Dan40932365"
"598","Cody068"
"599","Angelemichelle"
"600","ms601953"
"601","David202014"
"602","Jacamina1"
"603","melbameehan"
"604","cokeybest"
"605","DebbyHouser"
"606","MightyMichMich"
"607","LindaClendennen"
"608","murphy_marita"
"609","utotx48"
"610","Geneva21010998"
"611","SilverSummerSun"
"612","Sethro_tull_556"
"613","Sad1249Sydney"
"614","Bustem579"
"615","SlawsonKari"
"616","Gjarfan"
"617","awilda19151570"
"618","Truth_Lighter"
"619","mar0593"
"620","USA_First_2016"
"621","linda_nunn"
"622","deeg25"
"623","NotLeftyApprove"
"624","dawnies93"
"625","suttinsurance"
"626","dougcharles72"
"627","FjmunoMunoz"
"628","BurritoFreedom"
"629","tsandkids"
"630","MJKnickerbocker"
"631","cmbrooks1971"
"632","Vegan_Mary"
"633","ECiccocelli"
"634","Cindy15434874"
"635","dtbechtol"
"636","rustysayings"
"637","belajr1"
"638","Sage44786755"
"639","jamezlamb1"
"640","BlackDog0114"
"641","balsobrook"
"642","1phalaenopsis4u"
"643","babsdallas"
"644","jfwilb"
"645","statman07"
"646","CarlosFMD3191"
"647","TonjandHaleg"
"648","faith2theEND"
"649","Papa1224Bob"
"650","ArtAndrewMAGA"
"651","mkline54"
"652","MiguelonLobo"
"653","Nativetate"
"654","12billpen"
"655","captainwifeusna"
"656","CygnusEnergy"
"657","Dtreptiles2"
"658","Davidboro21Dave"
"659","NataliePrewitt7"
"660","JustifyCause"
"661","siestabuffy"
"662","ginalucia22"
"663","janetlehr54"
"664","RightnTexas"
"665","jgood_r"
"666","tagreer3635"
"667","paulacl14919831"
"668","t42or200"
"669","Railgirl4"
"670","PaladinTweet"
"671","RosaHinson4"
"672","dianne1h"
"673","neojosemo"
"674","BE_1776"
"675","davlyn2032"
"676","RalphimeJR"
"677","dustin_curtis"
"678","85EJones"
"679","northstarman321"
"680","crow32352"
"681","Conger1977"
"682","Ike561"
"683","vaughanpitts"
"684","rmfelicianoj"
"685","barbaraclick22"
"686","taylorjm61"
"687","curlew"
"688","dianepatsgirl"
"689","RStanLester1"
"690","lucianomoca"
"691","Tradergracie"
"692","DainoMichael"
"693","Cbm527"
"694","CarlBla79294469"
"695","KarenGrammyb46"
"696","Firstsgt62"
"697","2i1rKZaDMekPhXz"
"698","CarterHord"
"699","Lnorcross1"
"700","ElBengaucho"
"701","realTanya66Page"
"702","NascarChuck336"
"703","savetheunion"
"704","jerZboyUSA"
"705","FranBarreraReal"
"706","RChitwood"
"707","scott1444"
"708","Chickasee"
"709","LeavingDancer2"
"710","jaimerobert3"
"711","c5hardtop1999"
"712","Drumrunner2012"
"713","SommersKathie"
"714","oliver1438"
"715","lucille2482"
"716","Marcia_Diehl"
"717","jwells2001"
"718","chsenloe"
"719","lexiconjewel"
"720","gloria18513108"
"721","DreidMusicalX"
"722","mertman33"
"723","mtbrewer"
"724","CharlieD2749"
"725","RedRumRaider"
"726","Ejboudreaux3"
"727","smokemrainey"
"728","gg_1florida"
"729","IanMLivingston"
"730","bingomaxwell"
"731","ObamaSpied"
"732","RachelSuperEli1"
"733","Chief_Concern"
"734","orarnp"
"735","tinyhern"
"736","tripaaahernan3"
"737","cmfdretired"
"738","samrosenjr"
"739","Ravenpeach"
"740","Chaaland2"
"741","kkennison47"
"742","Jestertester01"
"743","bevokegs"
"744","vikkistrahan"
"745","habanaro654"
"746","AzPatriot88"
"747","MckieShane"
"748","Lilyanag09"
"749","Thania_Luisa"
"750","AprilJkcorp"
"751","LarryRiceHC"
"752","BarbaraJHarris8"
"753","cecki"
"754","garrett_hubert"
"755","yuliedorado"
"756","BeeNewsDaily"
"757","AmericanRose8"
"758","DanaNorthern"
"759","wrt002"
"760","viggenja37"
"761","BlogUSA2018"
"762","jesterct170"
"763","twethetruth"
"764","RodAllen1968"
"765","stay_woke2020"
"766","JustinOxentine"
"767","AMK_1945"
"768","colorsofme_ME"
"769","jchesney266"
"770","jennmcclain"
"771","CreedWHS"
"772","PatriciaMunill2"
"773","pdxfirecracker"
"774","bernie010146"
"775","81_kirstyn"
"776","Liberty_Lady_CB"
"777","donna_mosby"
"778","PowerT98"
"779","danielkeom"
"780","Bobes82"
"781","peterwhiteboy1"
"782","ethan_con"
"783","TurnerBrennecke"
"784","StevePratico"
"785","gwttds"
"786","DenyseLake"
"787","gregorypompeo"
"788","Raelove1950"
"789","KayJustice19"
"790","ParkisonRobin"
"791","kflower1414"
"792","TexasStateof"
"793","Zebra649"
"794","JeepingYJ"
"795","RonnieD44919253"
"796","AmigaDeTrump"
"797","peytonace"
"798","Kay3Kimmy"
"799","Kristin80075314"
"800","DLWilsonsWorld"
"801","A39Pat"
"802","kathyAnnMAGA"
"803","Jarhead_2841"
"804","JBM_CA_Van"
"805","lutznobody2"
"806","PixieKWH"
"807","lynn_weiser"
"808","sittonAj"
"809","jolleyland"
"810","scootergierisch"
"811","GordonHunter8"
"812","CobyCovfefe"
"813","steedfa"
"814","brianwest210"
"815","muchlessemotion"
"816","PaulaJo68632762"
"817","Bruzzimeme"
"818","RedFoxXDiaries"
"819","reneemize3"
"820","TrumpsComb"
"821","MMytholar"
"822","paulbunion123"
"823","annamariecicero"
"824","omarsrivero"
"825","RogerOldCodger"
"826","RaymondShallen1"
"827","jlmcorp1973"
"828","MemesSunshine"
"829","zprfct"
"830","ScottRoyal19"
"831","Earlee2"
"832","hopp83"
"833","truthdetector15"
"834","teneg01"
"835","gholland04"
"836","ColeenC123"
"837","Blueladycat13"
"838","abrahamgeorge"
"839","MaryAnnBolton11"
"840","The_IT_Goddess"
"841","hermit_suburban"
"842","tombeetle70"
"843","DavidStrub8"
"844","NelsenSusan"
"845","SusanSt41288193"
"846","BartSegars"
"847","LeeJame39872696"
"848","UncaD"
"849","peggy_bukovac"
"850","SalSolis1022"
"851","CrazyCrazyDazy"
"852","janenteng"
"853","YamiMilian"
"854","RennyBurton"
"855","WVAMarcum"
"856","tabbottfsu1"
"857","cindablue"
"858","sonparabailar"
"859","QuieroUSA"
"860","theblametaker"
"861","greatonegrady"
"862","Dian5"
"863","MarkH24495480"
"864","jackie_mcmillon"
"865","RedWavery"
"866","lawdawgseven"
"867","Susandporter470"
"868","RSBUNKER"
"869","CeliaCh24609512"
"870","CindyHedrick5"
"871","VotingRed1"
"872","Lizm1948"
"873","moonpearls"
"874","Jackobyone"
"875","DoreeeV"
"876","JeremiahWheele1"
"877","TemplarTexas"
"878","Thomas_Tenore"
"879","DelarioDeborah"
"880","DSpunkmeyer"
"881","carolinagirl043"
"882","jdp021189"
"883","kimfaz2"
"884","BoydOliverwm"
"885","texagdal"
"886","runotentertainw"
"887","bvilleds"
"888","MLanetweet"
"889","heathrodgirs"
"890","WTPhaveSpoken"
"891","RichardDuble"
"892","hellokityy124"
"893","ArmyProudParent"
"894","caliminority"
"895","equitiesndallas"
"896","pinkcellz"
"897","north_texan"
"898","ProdigalReport"
"899","CathyebCathye"
"900","destroylibs"
"901","Boerne27"
"902","kelvin888222"
"903","MacOne1948"
"904","4legzup"
"905","iambillyryder"
"906","iselago00"
"907","JrPagits"
"908","ScottintheFalls"
"909","libbamcenery"
"910","JoeRosales92"
"911","comncentslogic"
"912","RealDark_Kent"
"913","Zee18361733"
"914","rookitt"
"915","RosePurpleZee"
"916","badguy2246"
"917","jclevengerjr"
"918","Russo51409195"
"919","ms_rechell"
"920","bryan_gilbert_"
"921","yeowiecat"
"922","InMyOpinion0"
"923","deplorablecake"
"924","JoeCitizen58"
"925","TinaMarieGarber"
"926","mekismet"
"927","strosnstars"
"928","jlrjrtx"
"929","PhilGerard7"
"930","Vol_Law79"
"931","HusskeDavid"
"932","clodma0202"
"933","Edtxhill"
"934","arruda_deby"
"935","jpw4dt"
"936","NeilRiddick"
"937","EternaFreeda"
"938","sctitle11"
"939","marcoPalba"
"940","1SG10KM110"
"941","connaughtonm"
"942","treva21448150"
"943","melberk7"
"944","JTWAnderson"
"945","SMH88726267"
"946","JoanneSzafrani1"
"947","whillybermudez"
"948","yorkie246"
"949","Travis1wolf"
"950","hammerman0206"
"951","bornon4ofjuly"
"952","Bigjohnnyjet827"
"953","ShellSchultzTx"
"954","RedLatinosUSA"
"955","mister_hercules"
"956","IslanderPride"
"957","WayneChewy"
"958","ZazaLuv"
"959","centralbark1962"
"960","M35620522Jackie"
"961","WonderYNTexas"
"962","btjlda"
"963","ionimplant"
"964","SteedPalermo"
"965","hook982"
"966","MissyJo79"
"967","wikiwayne"
"968","MFukata"
"969","laurape00486139"
"970","brautgsps"
"971","LeftistFakeNews"
"972","samkennedy77"
"973","marshalhester"
"974","CathiCook1"
"975","JCVD7721"
"976","supportwenguiG"
"977","brezzinlad"
"978","AmandaJ99156702"
"979","_D4LL4S_"
"980","kalenakalani"
"981","perl_greyhound"
"982","jrnisbet"
"983","short_round96"
"984","stopcollusion"
"985","MarylFaunda"
"986","RFSlone7"
"987","ProdogL"
"988","Aprilfools18"
"989","conservativer17"
"990","cajunblood007"
"991","Islabear7"
"992","SmallGov4All"
"993","houstonusa6"
"994","MollyMark1"
"995","belladonaslite"
"996","Buddy978"
"997","ButifldrmLori"
"998","Sharon57chevy"
"999","kryptkeeper2018"
"1000","madhubani2"
"1001","marla_j98"
"1002","Robbren"
"1003","LauraByTheSea58"
"1004","Oscarthedodle"
"1005","Edna82193606"
"1006","NatM1979"
"1007","Coop30476805"
"1008","ChristineRadem3"
"1009","NigelPage12"
"1010","MonteDCantu"
"1011","team2494"
"1012","AlKnox11"
"1013","treadawaylogan1"
"1014","Daniel__78"
"1015","Nurse4him77"
"1016","Livetolearn1996"
"1017","SteveOnBeach"
"1018","Thatsdrbonedady"
"1019","braceybrat"
"1020","PerryGeer1"
"1021","TimothyStrobel1"
"1022","JJesudhason"
"1023","MommaBecks"
"1024","SaberX01"
"1025","tdouglas37172"
"1026","Pauldpent"
"1027","Ezequiel_F6"
"1028","hopefulltx"
"1029","jnsswb"
"1030","TXBluesR2"
"1031","annekelliott"
"1032","dtmgcj"
"1033","Elena77h"
"1034","loudog112"
"1035","LindaSl03265905"
"1036","marthabharper"
"1037","leopardprintUSA"
"1038","Mcg19721969"
"1039","IanMacD06378293"
"1040","DanielMcree"
"1041","MSHChirp"
"1042","BugsyLamour"
"1043","ArnoldPickerel"
"1044","4RedBadger"
"1045","Gnatowa"
"1046","unclehim369"
"1047","mikiedee"
"1048","osprey8"
"1049","Tkamal147"
"1050","Michaellively7"
"1051","la_jaiba81"
"1052","Dogdazetoo"
"1053","Tailford"
"1054","Seanchaidh2"
"1055","jdawg6418"
"1056","Gino05476853"
"1057","AnnSlezewick"
"1058","NcYanna"
"1059","RepubNYJew"
"1060","tiffyb81"
"1061","lastchance4usa"
"1062","MariaArtisan"
"1063","LHNewRiver"
"1064","sachsau1"
"1065","cyndarelli_h"
"1066","AntiAmnesty2016"
"1067","lynn_averill"
"1068","antsbama"
"1069","Skysoldier1968"
"1070","LouNehls"
"1071","JerrySisco"
"1072","V1_man"
"1073","rickseagles"
"1074","MAGAreeni"
"1075","beachfront1962"
"1076","lbm48941"
"1077","agcarrington"
"1078","dana_mcarter"
"1079","radgalfl"
"1080","sstrothkamp"
"1081","dcwheeler0117"
"1082","woodybf60"
"1083","iveth_lyricdash"
"1084","WendyHolland2"
"1085","randy_covington"
"1086","0spfinsib"
"1087","W1FC"
"1088","SusanTHardy5369"
"1089","Marty1160"
"1090","LSchult06726386"
"1091","brianhogan10"
"1092","marainbolt"
"1093","Sclark4273"
"1094","adegasperis5"
"1095","JohnDMartinez2"
"1096","PatrickJohnsonA"
"1097","JoshMD12"
"1098","DerekAskme"
"1099","BobSocrates1"
"1100","Hrome023"
"1101","Rubiyat"
"1102","LeeandVickiHug1"
"1103","DonaldAkers11"
"1104","nodogkisses"
"1105","WhatSquinkyEye"
"1106","AmarAhad4"
"1107","RhStowell"
"1108","BernetichTony"
"1109","honyd1"
"1110","Sheri_Jo"
"1111","biggins_so"
"1112","nancy73gg"
"1113","SteveB71969175"
"1114","luv4coding"
"1115","mesteve16"
"1116","EBettybtag"
"1117","bull_pamela"
"1118","Eden_Beach"
"1119","Christy56074523"
"1120","cam44166182"
"1121","kasmouse"
"1122","CindyBr15464234"
"1123","wallberg2312"
"1124","Hans19882"
"1125","pnuemonic"
"1126","PiusGabriel1"
"1127","LisaAsharris826"
"1128","fydreamz73"
"1129","intelligent1962"
"1130","MaureenAnnMoran"
"1131","Cristymorgan5"
"1132","cindywho521"
"1133","Lil_Benny13"
"1134","MomJar1"
"1135","montess4543"
"1136","RominaG81779894"
"1137","AnthonySouza_1"
"1138","Timon8600"
"1139","mpnco"
"1140","dlcasbon"
"1141","real_hendertc"
"1142","valval41"
"1143","MikeWil48662567"
"1144","joannperrone15"
"1145","smoshersra"
"1146","TondreCarol"
"1147","trumps_fan"
"1148","JonathanJPetri"
"1149","stepehnsolice"
"1150","jackie22601513"
"1151","dtbowmanjr"
"1152","dsl_32"
"1153","ghale68"
"1154","CatmCatharine"
"1155","pritt_norm"
"1156","jcthomas57"
"1157","TERodney1"
"1158","MikeKilganon"
"1159","DennisWayne79"
"1160","MikeWagner218"
"1161","Wlkdwlk"
"1162","joey_girardi"
"1163","anagio58905336"
"1164","smittees1"
"1165","gmama1117"
"1166","Lamed_Vav"
"1167","klish_joseph"
"1168","declinometer"
"1169","NancyChicachepa"
"1170","Rockdog42"
"1171","GameStopCentral"
"1172","helaire"
"1173","thedonaldwall"
"1174","EllaCoreleone"
"1175","mprlynch"
"1176","tme42va"
"1177","IFellaSmart"
"1178","dunnet26"
"1179","WhittyMike"
"1180","catsokfine"
"1181","saleawy"
"1182","49carolCarol"
"1183","Pickwick661"
"1184","cyberrog49"
"1185","CharlotteARand4"
"1186","mkeen50"
"1187","oldonfamily6647"
"1188","MARYM1269"
"1189","Angela__Wagner"
"1190","BS7373"
"1191","cshd5"
"1192","tex777mex"
"1193","CandleOfHope77"
"1194","JTill1113"
"1195","DoubleHH111"
"1196","biker_trucker"
"1197","carmgoog"
"1198","AmeriConGuy"
"1199","ACIR9"
"1200","Grossasherri"
"1201","Jaxwise2"
"1202","89A1883"
"1203","RobMcLaughlin19"
"1204","jazz1294u"
"1205","SimonNcollyer"
"1206","stclair_susan"
"1207","chemistpam"
"1208","bobby_rohr"
"1209","VV39607285"
"1210","lesagre66751588"
"1211","TheUConservativ"
"1212","Wave1972"
"1213","PhilM75070"
"1214","TopInfoBlogs"
"1215","cindy_fay"
"1216","MCKM407"
"1217","cheryl_cds"
"1218","Carmen_Mar5"
"1219","Cuquin1969"
"1220","techneek10"
"1221","grimmgeek"
"1222","Catheri37617048"
"1223","PJRowell1"
"1224","jaeffbee"
"1225","JWWillums"
"1226","rwtx77"
"1227","BeverlyConserv1"
"1228","jomc4726"
"1229","realJaseHyatt"
"1230","KenRini1"
"1231","drpenn"
"1232","Branko_MA"
"1233","spirited03"
"1234","TXVickiVernon"
"1235","RabbiAHomnick"
"1236","purocowboythug"
"1237","tdkrnpail"
"1238","deplorableYaYa"
"1239","n_digby"
"1240","LloydFoley007"
"1241","chipwattsinterp"
"1242","DingoDog17"
"1243","MiguelAGranda"
"1244","StoogesForLife"
"1245","MarkGooch4"
"1246","RoseTay20882782"
"1247","ManelaSandy"
"1248","lescaart"
"1249","Watcher_Then"
"1250","d2_julia"
"1251","SteveBrewer66"
"1252","SharonThompsonD"
"1253","JohnnySing4"
"1254","realDASC"
"1255","Lindah77777"
"1256","eatplaypraylive"
"1257","edgary1"
"1258","rjtrevino"
"1259","BaylorLanford"
"1260","DapperGreens"
"1261","Tillyrooter"
"1262","rob0719"
"1263","GoCowboyzGo"
"1264","JohnSchiesser"
"1265","Michele111332"
"1266","laurenannedoane"
"1267","Qwwg1wga"
"1268","KellyCurran20"
"1269","full_r3t4rd"
"1270","Nancyporano"
"1271","ladykatrina3"
"1272","tydo51580_janet"
"1273","Idryvfast"
"1274","cindy_long"
"1275","comedy4theblind"
"1276","DudesJoe"
"1277","vol80"
"1278","mdelorenzo1461"
"1279","murphyharvey1"
"1280","beehealingnow"
"1281","dfd1231"
"1282","MattStalin"
"1283","rayann2320"
"1284","Ttowndick"
"1285","Jewells1111"
"1286","zeusandmika"
"1287","wakaflaka90"
"1288","pamelaggs"
"1289","independant52"
"1290","TanaSmith17"
"1291","MikeCantarini"
"1292","LuckyTJ00"
"1293","kornegay_thomas"
"1294","24karatpoolman"
"1295","JoWayne219"
"1296","forgoodofUSA"
"1297","LozoBrown1"
"1298","welch_64"
"1299","NY2894"
"1300","Cheekie368"
"1301","jrphilpot"
"1302","Reaganite8"
"1303","Bobs82vette"
"1304","terrifoster1"
"1305","5OhHellNo"
"1306","Dave_Freeze"
"1307","RNajie"
"1308","AceSmithaust22"
"1309","jasonc741"
"1310","soulrelevant2U"
"1311","Warrior417"
"1312","rhglazer"
"1313","ChrisFi19702048"
"1314","wjedson"
"1315","alanmarr7"
"1316","Rose2Debbie"
"1317","JSEIFERT10"
"1318","JeffTapia13"
"1319","LGP4july"
"1320","newsketeer"
"1321","SmithDems"
"1322","khcogbill"
"1323","chernana44"
"1324","boo3258"
"1325","proverbs31qtee"
"1326","fasift"
"1327","hashwagg"
"1328","BethReynoldsGSD"
"1329","joe_duque2"
"1330","annigraham"
"1331","truffsnme"
"1332","DebraKaine"
"1333","TrumpFanFromNy"
"1334","FrankSerra3"
"1335","Lins1959"
"1336","realtorwayneky"
"1337","mseely49"
"1338","RMF888"
"1339","ckensingtn"
"1340","LegoTheodore"
"1341","BettyGr25700576"
"1342","Staceylvoss"
"1343","HareMathew"
"1344","cmb127"
"1345","outspokenolivia"
"1346","WhstleBritches"
"1347","woodnbow1"
"1348","fieldproven"
"1349","ralpheeone"
"1350","aphillips16"
"1351","Paloosas"
"1352","bepoem"
"1353","America84404527"
"1354","kedisonjr"
"1355","mtrudel7"
"1356","rs_love123"
"1357","Cryogenik28"
"1358","joliemaman"
"1359","BeaVservative"
"1360","Denise75384378"
"1361","JMReflectionsof"
"1362","WyverShago"
"1363","DragonFire001"
"1364","lmarra51"
"1365","EricYurcisin"
"1366","picauly1960"
"1367","peaches_me"
"1368","NorwoodBrian"
"1369","HagendorfHenry"
"1370","Emilie56081624"
"1371","bakabev"
"1372","libertybellemll"
"1373","realmarknfish"
"1374","willbarrett_1"
"1375","wbryantjacobs"
"1376","Evenstar888"
"1377","cap10_awesome"
"1378","Tejano1528"
"1379","realfort22"
"1380","jarcidia"
"1381","mattyballgame22"
"1382","Tonewyork60"
"1383","wxcxray12345"
"1384","Russdsh"
"1385","srobinson5"
"1386","jaybouker"
"1387","urichani"
"1388","tgslusher"
"1389","albertjones2011"
"1390","sjbjgb2017"
"1391","SoCalConserv16"
"1392","marcella4401"
"1393","ronkjr68"
"1394","russzmartin"
"1395","steffymaga"
"1396","madmax1076"
"1397","william44394974"
"1398","DavidSlwhnd"
"1399","Ferndua"
"1400","TheNoss1"
"1401","Timesupjokers"
"1402","pamela12632553"
"1403","JustTammy29"
"1404","raiderbgirl"
"1405","bilbo0908"
"1406","DrSus4"
"1407","Isaiah_53_"
"1408","mkcalabro"
"1409","KAPL1235"
"1410","RickResnickNJ7"
"1411","Shannon83821960"
"1412","MclarenStuart"
"1413","nonagrandma1374"
"1414","meakimmom"
"1415","Papo_SFC_RET"
"1416","l_eggemann"
"1417","the_newindividu"
"1418","Texasroxi"
"1419","gardenofthegods"
"1420","blou_shim"
"1421","RitaWil92435229"
"1422","arealhoosier"
"1423","phil7263"
"1424","MAGALOGAN2379"
"1425","AZ_Mamma"
"1426","oldairforcedude"
"1427","2013_carole"
"1428","judy_shwabe"
"1429","TeresaPTX"
"1430","kloepfer54"
"1431","Jimena7777777"
"1432","hawkin_scot"
"1433","Vincent_Saia24"
"1434","Cary_Prejean"
"1435","ejdager"
"1436","JamesElmay"
"1437","tillerylakelady"
"1438","ajw11764"
"1439","SeanFHashemian"
"1440","klc4trump"
"1441","Conservativela5"
"1442","angelabarsi"
"1443","truemanswers"
"1444","SwampCleaners"
"1445","MAParm4"
"1446","YolandaSteinke"
"1447","kpiper143"
"1448","barsityblues"
"1449","tambam60"
"1450","awdreal"
"1451","seyedyn2"
"1452","ScottShifflet14"
"1453","CreditAnnie"
"1454","jaybluuee"
"1455","maryburcham2"
"1456","antoniolabanzat"
"1457","Maxwell31heck"
"1458","CAgoldennomore"
"1459","speckman16"
"1460","GlockTexas3016"
"1461","KCMalone0531"
"1462","billbow47"
"1463","native_aztec"
"1464","dmdee23"
"1465","akamanonthemoon"
"1466","StephenLoski"
"1467","nativeoldcrow"
"1468","vickinragirl"
"1469","maryihowell1"
"1470","kay7017"
"1471","talesoftopo"
"1472","007cigarjoe"
"1473","radleycrown"
"1474","graydowney"
"1475","TheStormQ"
"1476","leflake1"
"1477","Dave32425411"
"1478","Bigmoe16574013"
"1479","BigMouthJoe"
"1480","KWitt20"
"1481","riggs4585"
"1482","ricky_schrader"
"1483","kevin102162"
"1484","troballis"
"1485","inthecounty"
"1486","TrumpCard1955"
"1487","MN_2A_Patriot"
"1488","mom2val"
"1489","syoka68"
"1490","deanphifer"
"1491","glolara"
"1492","RMacCNG"
"1493","DavidRa96690001"
"1494","larryro63520554"
"1495","Kryptongirl4321"
"1496","hoppington_post"
"1497","TLS70"
"1498","Paulalovestruth"
"1499","GlennOstrosky"
"1500","BrettJo38513172"
"1501","willcsquared"
"1502","Orljm333"
"1503","kellydavidgibbs"
"1504","vikistegall"
"1505","mybiffmonster"
"1506","DavidBarclay007"
"1507","wildassville"
"1508","21stcenturycrim"
"1509","thompson_leota"
"1510","UNBORNness"
"1511","lmirone777"
"1512","feth312312"
"1513","Whiteknuckle757"
"1514","MEE56674472"
"1515","M48785056"
"1516","jim_fowlds"
"1517","Trumpeteer12"
"1518","Rose56745469"
"1519","brandy030744"
"1520","dorr_b"
"1521","pasqueflower19"
"1522","RobinEnochs"
"1523","iamcrossbowman"
"1524","oxocubed"
"1525","ModeMondiale"
"1526","JaneBowling1"
"1527","Birdtown216"
"1528","PedroTrump45"
"1529","kkwest16"
"1530","texas_repub"
"1531","2735matt"
"1532","BamaJones62"
"1533","cnbc_cynic"
"1534","rbarrett77"
"1535","DaNang69783581"
"1536","PeacefulDiane"
"1537","TrollAxer"
"1538","SusanemEKG"
"1539","Jlouder2"
"1540","kabyr"
"1541","OTavycal"
"1542","Truthse80746223"
"1543","CampsCira"
"1544","bhaynnes2"
"1545","Zellabo1"
"1546","americanpride52"
"1547","AntiSoc15951186"
"1548","SargentSavvy"
"1549","johnann"
"1550","Darlacoy4"
"1551","MastaG122"
"1552","grusem95"
"1553","Bigtmitchell"
"1554","Midnightkahuna"
"1555","doreenamorris"
"1556","AndonRebecca"
"1557","4everameric"
"1558","donnajmjt"
"1559","K8TE4NE"
"1560","Cathi76198983"
"1561","johnnyskot"
"1562","LindaMo60594098"
"1563","28PF34"
"1564","drtimber"
"1565","MillerRepasky"
"1566","RLR86"
"1567","BearingTruth"
"1568","DeborahDaly55"
"1569","SouRMilow"
"1570","BibleBeltDarlin"
"1571","piprincess"
"1572","RoseDaddyMike"
"1573","sandorae"
"1574","SiCk_DiAbLo"
"1575","jules_gemini"
"1576","countken1"
"1577","Stanch247"
"1578","sherryryanc21"
"1579","smithsj2004"
"1580","cbfrasier13"
"1581","Dawnica_MAGA"
"1582","RJ_585"
"1583","DonaldBreech"
"1584","Chloe02486242"
"1585","kathydiz11"
"1586","PeteSmi76063412"
"1587","1C3MAN365"
"1588","kinstle_m"
"1589","RhallMadl"
"1590","MAGA_Minion"
"1591","aa1987na"
"1592","sra11fl"
"1593","ittybittyfarms"
"1594","Cyclemike1"
"1595","WreckaJ"
"1596","realchadlawson"
"1597","RedTruckv8"
"1598","mnafe"
"1599","VantersMedia"
"1600","winston53660"
"1601","alohabence"
"1602","DarlinaQ"
"1603","TexLex"
"1604","WWfactor"
"1605","thejenn999"
"1606","55cruiser"
"1607","GoldenWayneMos1"
"1608","1964Deplorable"
"1609","M4CruzTX"
"1610","Darkjdi"
"1611","chachi222222"
"1612","pedsscrub"
"1613","qanonwhitehat"
"1614","AleeHenn"
"1615","S_Cooper0404"
"1616","luciw77"
"1617","RonCentrelloJr"
"1618","usblog"
"1619","carol_lunde"
"1620","cyndisauter"
"1621","SpyTheLiar"
"1622","danf7511"
"1623","FKL44924529"
"1624","kallaber"
"1625","CMG97867191"
"1626","dizzyd2610"
"1627","HelenHelenc"
"1628","nobso1"
"1629","rockie_springer"
"1630","JeffreyNWright"
"1631","Pete_Chilcutt"
"1632","maryd2017"
"1633","warwick51"
"1634","billyarnie"
"1635","TonyGFunderburk"
"1636","Gunner5x5"
"1637","MagdaleneRamos5"
"1638","bearometric"
"1639","Len21878832"
"1640","fisherman1a5"
"1641","daleterry14"
"1642","whiskeredrocker"
"1643","MRSTXFabFace"
"1644","DruMerriman"
"1645","AmericaFirst10"
"1646","madamBeth2"
"1647","Christina_maryl"
"1648","KJAnton1976"
"1649","BestesEvers"
"1650","pjserrilli"
"1651","Ed_White63"
"1652","CMSAF12"
"1653","bondork"
"1654","RichardCalabro2"
"1655","Ridersroost"
"1656","joesmit20588403"
"1657","cjnice"
"1658","Indict_them_all"
"1659","irish_czech"
"1660","chance1_charmin"
"1661","JodyWeible"
"1662","pat_loera"
"1663","lyndiejay"
"1664","NidiaOlivas2"
"1665","JohnSalzbrenne1"
"1666","DormanHill"
"1667","deepstatehater"
"1668","DonDub4"
"1669","GySgt_Cheatham"
"1670","Thailand4Jesus"
"1671","dveldg"
"1672","AFAWNF"
"1673","Choctaw1812"
"1674","MikeHutchens4"
"1675","ClauFadrowski"
"1676","anakin1474"
"1677","Anxiousmartian"
"1678","stevedempsey65"
"1679","katieadams0521"
"1680","TheRealAmamCara"
"1681","debjoem"
"1682","CowCreeksUnite"
"1683","Jivo55"
"1684","robynl01"
"1685","dlhuffmanjr"
"1686","Chericoffey13"
"1687","fitzelizabeth"
"1688","KJP5600"
"1689","ChrisCkmb1"
"1690","Techsun1836"
"1691","voiceofstentor"
"1692","Michael18598116"
"1693","liannemr1"
"1694","AprilDay365"
"1695","tambid1"
"1696","DeniseB3033"
"1697","MotorMan69"
"1698","magabitch123"
"1699","DJ1956Denny"
"1700","DianeRap"
"1701","PamelaKirk17"
"1702","MilitelloMark"
"1703","rosdel128"
"1704","Legski0301"
"1705","chr50249568"
"1706","JeanRee27569252"
"1707","JChadDurfee"
"1708","HarleyG66514942"
"1709","CarinaTech"
"1710","Dapandico1"
"1711","manfromrosharon"
"1712","skimo1977"
"1713","lucy71663"
"1714","stschei57"
"1715","BippityDooDah"
"1716","KairosKaris"
"1717","jokesonus4sure"
"1718","Dab7One"
"1719","GODandCountry33"
"1720","jft5018"
"1721","rfarnquist1"
"1722","ndsboy"
"1723","GaryRidenour"
"1724","LinesBegin2Blur"
"1725","nappinglily"
"1726","RaisedbyTexans2"
"1727","superstein61"
"1728","DarylForsberg"
"1729","smartgirls4gop"
"1730","louieladonna3"
"1731","Ceazar_Black"
"1732","acefamily915"
"1733","mzee26"
"1734","MacandMaggie"
"1735","AriuniVA"
"1736","HillaryDePrison"
"1737","Charoles31"
"1738","DantonioPauli"
"1739","Mr_Arizona92"
"1740","DavidChickJr1"
"1741","Maggie24529867"
"1742","buffrobb"
"1743","vjeannek"
"1744","TrumpAngel413"
"1745","Chrismm29492461"
"1746","mike_tolan"
"1747","chiett2"
"1748","rhsibley"
"1749","50calWorldChamp"
"1750","jason473"
"1751","atoka7"
"1752","slac1"
"1753","captaincrrunch"
"1754","AllanDBetz"
"1755","realLatinoTrump"
"1756","TRB_1990"
"1757","debgagahiggan"
"1758","Robinsun6"
"1759","docwhorocks1"
"1760","wal_lea"
"1761","psmith5555"
"1762","BCharlote"
"1763","Loneranger1166"
"1764","Staas1"
"1765","RSturbucks"
"1766","rblk2350"
"1767","niloc0401"
"1768","rebpatriot"
"1769","crawfyjohn"
"1770","KevinWColeman"
"1771","wakeisaacs"
"1772","Uright24"
"1773","ODesignzz"
"1774","MarkHvette08"
"1775","DebraChisholm2"
"1776","venevite1"
"1777","allaboutStev3"
"1778","mike_shadee"
"1779","Eichelb1Michele"
"1780","BrendaEubank1"
"1781","keithlfuller"
"1782","ralph_ralph1156"
"1783","jessie_raymax"
"1784","GaryLandrum6"
"1785","hepler_a"
"1786","realguitarwzd"
"1787","Jerilynlee1957"
"1788","john6forty"
"1789","clchalaire"
"1790","originaljipssy"
"1791","JaneNadder"
"1792","newell601"
"1793","1970tigergirl"
"1794","ballpointmf1"
"1795","SXSWUTLOL"
"1796","JurrassicJones"
"1797","SashGirlVegas"
"1798","oletopcat"
"1799","cowbellshari"
"1800","Wheetypie"
"1801","HarrisGma"
"1802","bearclaw8888"
"1803","mmccordky"
"1804","Joanie74109979"
"1805","mario06812"
"1806","CjfRiley"
"1807","SeeRealEqual"
"1808","FreeTho58307560"
"1809","LazaroG15912573"
"1810","texasjasper"
"1811","JCAPoquoson"
"1812","gnxdad"
"1813","glenn_bilyeu"
"1814","PeteStein6"
"1815","Pacificnw777"
"1816","BlassEarnest"
"1817","dallascowgirl22"
"1818","Mustang_Jenny"
"1819","ShisheluShirley"
"1820","HillaryDiaper"
"1821","VAnnie71875849"
"1822","monica73420951"
"1823","Peggy36878805"
"1824","DavenportD54"
"1825","ispyono"
"1826","helpmerhonda49"
"1827","onemagicfan"
"1828","Capitalist_HBIC"
"1829","elained2484"
"1830","courdelion3"
"1831","JimboEason"
"1832","mannybermas"
"1833","FireBunny63"
"1834","Tortious53"
"1835","BrentMcDermott1"
"1836","LeroyBrody"
"1837","kaylynn1921"
"1838","TJ73Studios"
"1839","GiudoBonzo"
"1840","linda77315887"
"1841","DFWMAGA"
"1842","mrffsh"
"1843","WhisperRepublic"
"1844","fmiller26"
"1845","JMB53144613"
"1846","rrnicholas22"
"1847","Texas_Keith"
"1848","Nancygr54079131"
"1849","rleft"
"1850","dailydouble_II"
"1851","Mill1Eric"
"1852","phyllie8"
"1853","jksmith559"
"1854","BubbaJoeBaker"
"1855","rvplace14"
"1856","peanuttug"
"1857","Dennisdeal3"
"1858","Alleygarcia3"
"1859","Jorgesfreedom"
"1860","staggerlee41"
"1861","DocbobLV"
"1862","graves_lynna"
"1863","DonBeckBronzes"
"1864","JJBurns19"
"1865","BES33065"
"1866","armydeepsea"
"1867","bworthin1966"
"1868","MaybeLeft"
"1869","tlbyford"
"1870","CritterCreekR"
"1871","bwhite333666999"
"1872","lolli_logan"
"1873","TweetyBirdCarol"
"1874","brcalvit"
"1875","DR10001"
"1876","esbconsulting1"
"1877","sgdickerson"
"1878","honeaj4"
"1879","didyaeverthink"
"1880","dassitmane"
"1881","Charlot96904141"
"1882","CillaAndRosie"
"1883","spyglass46"
"1884","THERESAIZZO"
"1885","Nirtastic"
"1886","usa1stmaga2020"
"1887","thomtip"
"1888","Barbara30033584"
"1889","SusanMolon"
"1890","BRENTFULTON2"
"1891","BakerCarden"
"1892","Redpillnips"
"1893","ruthboopies"
"1894","amfurtado71"
"1895","NancyMMiller2"
"1896","concerned2511"
"1897","sharonf1001"
"1898","TruismTrump"
"1899","3695c9faacde4b1"
"1900","mulvi_dr"
"1901","WiseFairFree"
"1902","73Red73"
"1903","SolitaireSays"
"1904","fishyanglesfish"
"1905","BetsyGayner"
"1906","ReconPatriot76"
"1907","ackenheil99"
"1908","Goode10Karen"
"1909","tidal_red"
"1910","roigc"
"1911","conserative234"
"1912","CorvetteKCRon"
"1913","Jmaejen"
"1914","jbfre"
"1915","KShedidnt"
"1916","klgreene9"
"1917","MaryglennMary"
"1918","Warriorq11"
"1919","NewLifePlan777"
"1920","lillybyou"
"1921","JohnDavidMurra1"
"1922","LoriJac47135906"
"1923","CareyRcarey16"
"1924","LAMdeMAN"
"1925","lkstewart8716"
"1926","qrtzvnl"
"1927","tradorknot"
"1928","pjcarus"
"1929","pattijoedwards"
"1930","BernardKerik"
"1931","boroihme"
"1932","C0deRed1"
"1933","kappy3"
"1934","dbsan88"
"1935","sookie_clifford"
"1936","richrawdin"
"1937","ForgottenMan68"
"1938","T94Tom"
"1939","SLocke56"
"1940","PMgeezer"
"1941","JoeEverton9"
"1942","USA4FutureGen"
"1943","edschHFD029"
"1944","NRA2ndAmendment"
"1945","TheDuke_TX"
"1946","mjjmnyc"
"1947","twistnshout58"
"1948","ezeduzit4ever"
"1949","colorad06573588"
"1950","DanCarbonaro"
"1951","WetzelValerie"
"1952","BigEllie37"
"1953","RostaMan09"
"1954","michaelvanuum"
"1955","alicefranmarch"
"1956","CafeCarazo"
"1957","Sunnyc4u"
"1958","MaryKayM3"
"1959","mikedidi1964"
"1960","conwarrior47"
"1961","soonermaterial"
"1962","TheRealKeller72"
"1963","Constitution11B"
"1964","mark_oldschool"
"1965","realAnkitShah"
"1966","nsaidian"
"1967","kevinsypolt1"
"1968","RhinoNewt"
"1969","Acgarza12"
"1970","lizeelou66"
"1971","idntlkthsid2"
"1972","Trumpfan4life1"
"1973","cruzjunki"
"1974","LindaDuryea"
"1975","TerryFromSlough"
"1976","bobcronin64"
"1977","elizabethq316"
"1978","JwimberlyM"
"1979","pmbasse"
"1980","markshaps"
"1981","JuanCas32217440"
"1982","ValerySpun"
"1983","margillex"
"1984","afezio1952"
"1985","bonartgl"
"1986","ShirleyDupree7"
"1987","sallychristman"
"1988","Lkmaka"
"1989","manchogagog"
"1990","sness5561_ness"
"1991","timm8466"
"1992","tedorsey"
"1993","WendyDamron"
"1994","MaryGrassl"
"1995","Maxs4152"
"1996","InTrumpWeStand"
"1997","katsrdv"
"1998","ajtfreespeech"
"1999","lvfallin"
"2000","archiehall2"
"2001","Janice55826012"
"2002","DC_Travelers"
"2003","propman123"
"2004","paquin_joe"
"2005","TheKozforUSA"
"2006","Leslie_Waters"
"2007","CavazVelma"
"2008","HighRawMama"
"2009","field_mickie"
"2010","kambaskets5854"
"2011","jb3751"
"2012","elapoides"
"2013","smarts1012"
"2014","Armandograciaj2"
"2015","lish0531"
"2016","kimlovesdisney1"
"2017","public_jq"
"2018","cnitso"
"2019","AngelErickson7"
"2020","Nightsights7"
"2021","Binguiri"
"2022","archulita_cindy"
"2023","tongkssg"
"2024","mskeens1962"
"2025","Scotti31903356"
"2026","starboardpundit"
"2027","amylenocker"
"2028","ooscarmiguel"
"2029","LaurelMaher1"
"2030","justalkwtraci"
"2031","TrumptasticNH"
"2032","peterchann2"
"2033","DielRosemary"
"2034","michaelhorsley"
"2035","bebetatro"
"2036","davidpenna2"
"2037","ScottBrownTweet"
"2038","JimJimbo54"
"2039","danielm82015792"
"2040","diane_kroll"
"2041","stesos4802"
"2042","teacherfortrump"
"2043","kdean116"
"2044","Hunterrico2"
"2045","359isa"
"2046","KyleSimpkins5"
"2047","dsdr2011"
"2048","StreetHowitzer"
"2049","ecook1048d"
"2050","RAIDER_R3D"
"2051","LonWalters"
"2052","Amber_305"
"2053","mcmatson"
"2054","GlennnRoss"
"2055","aviv1818"
"2056","Karenwa02203598"
"2057","MovementCon"
"2058","Hooah1969"
"2059","Just_A_Joe"
"2060","cc_wallace"
"2061","Star8400CPD"
"2062","rensarns"
"2063","Sisgp1"
"2064","georgi411"
"2065","trinareyes"
"2066","leepd84"
"2067","PropersiDominic"
"2068","ClmbnaG"
"2069","LLopezMooney330"
"2070","SirJames_3rd"
"2071","teamsparbs"
"2072","TessCarlstrom"
"2073","SailorsMilton"
"2074","therighttoprot1"
"2075","McEntireL1775"
"2076","zopitedaniel"
"2077","fdilasci"
"2078","Purp_and_gold_"
"2079","souvenir50"
"2080","Countrymoney"
"2081","goldhat_lou"
"2082","lonestardiary1"
"2083","marymac41"
"2084","wazzuph62"
"2085","scottellis62"
"2086","covfefemily"
"2087","LindaJa47377725"
"2088","CorbinjHendrix"
"2089","JboydsJudy"
"2090","dubose80"
"2091","SunDevilFann77"
"2092","421Bull"
"2093","dspag4"
"2094","JerryKarenNeff"
"2095","DAndrew92677"
"2096","alexliu39595465"
"2097","LannanMile"
"2098","Real96336798"
"2099","jujube23"
"2100","StephenSizemo15"
"2101","LarissaBaca"
"2102","K1erry"
"2103","jledvm"
"2104","robare53"
"2105","GrissomCreech"
"2106","BruceBg976"
"2107","Nick_Brent"
"2108","RaquelOlmos10"
"2109","LibbyMcgavic"
"2110","mchamis10"
"2111","Mitchman_Dallas"
"2112","williamstk1ww"
"2113","Quick_amy28"
"2114","FlaviaSPFx"
"2115","JL9Sed"
"2116","XsmallJay"
"2117","Woman4Trump"
"2118","Kmari34461773"
"2119","heimagin"
"2120","tara_one"
"2121","SandraA06133877"
"2122","franny2656"
"2123","deplorabletbs40"
"2124","TrumpamericanM"
"2125","Veritas_Voice"
"2126","fishooks_James"
"2127","BioHayzard"
"2128","RonSwanson_1776"
"2129","bantz_laura"
"2130","laddiecomehome"
"2131","MarcusDLambert"
"2132","jimiare"
"2133","Kk5loWalter"
"2134","betomo_17"
"2135","ChickieVurch"
"2136","JNelsonLangley1"
"2137","garyinn"
"2138","nonameman77"
"2139","Dylanesque2604"
"2140","mahonepa1"
"2141","j_wicke"
"2142","seamonayl"
"2143","JDFreeman84"
"2144","Derameth"
"2145","JRDuranAuthor"
"2146","TioBuck14"
"2147","beachcobbler"
"2148","JamesPidd"
"2149","streetglidejoe"
"2150","America17762016"
"2151","janetgalehubb"
"2152","prowland93"
"2153","JohnJayTruth18"
"2154","DebDaleDaisy"
"2155","FLdoggielover"
"2156","kvilleredeos"
"2157","ibnsaud1981"
"2158","HowieV67"
"2159","BaciBaci0407"
"2160","DHaithcock2"
"2161","HeidiLMartin"
"2162","kjusticemotors"
"2163","MamaTried7"
"2164","carjack68"
"2165","Monica4Trump"
"2166","beatrizemitche1"
"2167","thnx4reading"
"2168","JMarkHindman"
"2169","ronblieberman"
"2170","TXRedDirtFan"
"2171","ponyexpress_gsc"
"2172","CristiSteel"
"2173","winegal0007"
"2174","TRUMPPRES2020"
"2175","Elena71650904"
"2176","bss52777"
"2177","ettyd"
"2178","pretjene"
"2179","RyanE523"
"2180","JElliotCO"
"2181","freemasonusa2"
"2182","toddiacookgmai1"
"2183","ljd22655"
"2184","AnAdvocate4The1"
"2185","AguirreboyLucio"
"2186","drew_kelor"
"2187","batez302"
"2188","HartwigSusann"
"2189","tskunlimited"
"2190","SherryLeggett"
"2191","TerriKn26770504"
"2192","strykerbaby2012"
"2193","AmyzKernan"
"2194","gcherrick"
"2195","jamaRod44"
"2196","GordonGower"
"2197","MorgothVon"
"2198","jerryaxe"
"2199","FriendofAm"
"2200","DavidMo03287192"
"2201","mikereyes740"
"2202","Sn91Nava"
"2203","JoPatar"
"2204","365freedom365"
"2205","BrandonBuske"
"2206","MichaelHabeeb1"
"2207","theriot_chad"
"2208","Dan_Boi_1980"
"2209","NightDeplorable"
"2210","mimiinftworth"
"2211","KathyTu57558497"
"2212","RandyWatts55"
"2213","GeorgeSeward"
"2214","DulianMachado"
"2215","UpInTheHills"
"2216","TXCruzCrew"
"2217","a1keysjc"
"2218","cmdorsey"
"2219","RichnCindie1013"
"2220","Matthew213"
"2221","westrich54"
"2222","JanisPo70071064"
"2223","ACatholicKnight"
"2224","mydog96"
"2225","GungHo54"
"2226","MattHolden14"
"2227","LPatriot420"
"2228","BeckyCocke"
"2229","TessiePatriot"
"2230","MaryFeher"
"2231","BrookP_0801"
"2232","BarefootOakie"
"2233","JnHenders"
"2234","connieseur"
"2235","ctfetcherdog"
"2236","bbredttt"
"2237","Bluesky5280"
"2238","Isabella040408"
"2239","DanielT45441843"
"2240","JenOrtega40"
"2241","sas6015"
"2242","TonyaShank1"
"2243","elev8torman"
"2244","twiggy311"
"2245","jason04750529"
"2246","THOMPSONP1950"
"2247","Salviteacher"
"2248","michaelnader13"
"2249","MikeAle20447853"
"2250","frecklesechols"
"2251","gardenerbobe"
"2252","fisherman1347"
"2253","covfefeabilene"
"2254","FernLargok"
"2255","Lindablondie1"
"2256","GameBoyHump"
"2257","ScherffiusNorma"
"2258","jessiehh57"
"2259","Kim33719500"
"2260","crkleffner"
"2261","pekarRD"
"2262","summerfree3"
"2263","LoriLFitzgerald"
"2264","mjkScience"
"2265","Sweeetchis"
"2266","myguykb"
"2267","wpl1960"
"2268","jmf03999"
"2269","s_touchon"
"2270","rafat777"
"2271","DeeSophey"
"2272","JamesStefanatos"
"2273","JohnTraveller12"
"2274","Razor02435022"
"2275","TrumpFan4Evr"
"2276","Oceans_viewer"
"2277","ctbd22"
"2278","RichardMarcoux3"
"2279","RJones08282049"
"2280","jamfixer"
"2281","born2ride2007"
"2282","ElaineP07648487"
"2283","MithrasAlma"
"2284","Willie88539823"
"2285","kpeters59"
"2286","DewbreMichael"
"2287","WincklerTom"
"2288","JulianneFox36"
"2289","_Pray4USA"
"2290","Brianleerobbins"
"2291","PenneyVC"
"2292","Moongir86539804"
"2293","Mkunovich"
"2294","Matthewcogdeill"
"2295","bishopmikey"
"2296","rubensheffd03"
"2297","413714"
"2298","Freedomtoroam1"
"2299","Willowwinner"
"2300","rjwilmot55"
"2301","donnamoran62"
"2302","Swedeman13"
"2303","REALWYHEAD"
"2304","Silverback1949"
"2305","Booshnoo"
"2306","sbh333"
"2307","JohnPaulVann"
"2308","Roxburylee72"
"2309","Silverheels2010"
"2310","ckpleon8"
"2311","joycworld"
"2312","tucsontwitchy"
"2313","Trichiemd"
"2314","temple_clark"
"2315","djaybrier"
"2316","tsktsk12345"
"2317","PGRDET"
"2318","Rombslice"
"2319","MichaelGuess5"
"2320","traz_bob"
"2321","lewis_lewisms"
"2322","jacoats1"
"2323","Julkirk"
"2324","JohnSte07302340"
"2325","SuziQshell"
"2326","julie71865980"
"2327","NikolasAllen5"
"2328","blueBooBooBear"
"2329","SellardsMark"
"2330","ferndawg428"
"2331","ganganpg4"
"2332","John047920521"
"2333","Exhawk500"
"2334","Gamer90031"
"2335","TerriAWilliams1"
"2336","aglabarbera"
"2337","Doddies4"
"2338","tradeorfade"
"2339","LewPTATC"
"2340","SpaceprincessMX"
"2341","BBond_1971"
"2342","SobotVeso"
"2343","PatriotChix"
"2344","PamCox1"
"2345","mindset2growth"
"2346","Renokenopam"
"2347","Aristop97729249"
"2348","theDavedt"
"2349","CoachSeth1"
"2350","art196048"
"2351","rhelmey"
"2352","KFrederick01"
"2353","jrscholl2"
"2354","Barbara72468224"
"2355","maryannconeill"
"2356","Danielalgarin4"
"2357","Harden6Linda"
"2358","hopingforachang"
"2359","ocpaver"
"2360","Deplorabredneck"
"2361","larryj1957"
"2362","crocboy"
"2363","DBrown_AKA_Nana"
"2364","curiousjo41"
"2365","EileenTownsend4"
"2366","Opus1l"
"2367","tweetyblrdlee"
"2368","cccrna"
"2369","Thenewguardian1"
"2370","gcamp4"
"2371","Bob54597353"
"2372","rhet420"
"2373","absantos817"
"2374","Chester11377339"
"2375","Norcalgopher"
"2376","cuzofHim1"
"2377","bjenningstvg"
"2378","chamberspaul11"
"2379","RParenica"
"2380","thoughts_sunny"
"2381","Vote_American"
"2382","ShirleyHoltvoi1"
"2383","TrumpsThinking"
"2384","mikk1of3"
"2385","grammies28"
"2386","MannyMtorrescop"
"2387","Rlp1660Rick"
"2388","BennyDrille"
"2389","FrankLUM"
"2390","sammybaby6908"
"2391","TheMightyMe1"
"2392","GioAlvarado52"
"2393","psu170450"
"2394","tryingtobecivil"
"2395","JoAnninna"
"2396","aliciasalas1018"
"2397","CamelTow72"
"2398","MelissaKHobbs"
"2399","BigJ_73"
"2400","CovfefeConMilk"
"2401","junie90145371"
"2402","rlbowman"
"2403","domenicfammar10"
"2404","rblinkenhoger"
"2405","pittsburghbuz"
"2406","LiteScott"
"2407","audreywalshwes1"
"2408","Sharistar222"
"2409","onefiestawoman"
"2410","Colette_00_"
"2411","JeffHan70662385"
"2412","squints82"
"2413","mn00081"
"2414","Sofia15087123"
"2415","mitchporter85"
"2416","TheNazarioPOV"
"2417","HillbillyDadOf5"
"2418","fly_4_fun2"
"2419","Sw33tnlowLaurel"
"2420","Julie_Ann_77"
"2421","AngiCronen"
"2422","wimberley_mom"
"2423","forpetessakeny"
"2424","BobSHuntington"
"2425","DandyMan21"
"2426","ItsJustJill"
"2427","JillJillhe"
"2428","KimDwyer10"
"2429","kd5jad"
"2430","KristiWarnke"
"2431","StormbringerDP"
"2432","CAlisaBT"
"2433","VaughnMcCurry"
"2434","KchorroSoto"
"2435","zonic_tom"
"2436","coff33loveit"
"2437","randy4419"
"2438","Jerryh511"
"2439","CydelSue"
"2440","vicky_vglend"
"2441","JOOKIEJOON"
"2442","STARWATCHER518"
"2443","callingallvols"
"2444","StittJames"
"2445","CiraVO"
"2446","obxlover"
"2447","yenotbre"
"2448","TheVoiceOfLies"
"2449","grandmommyof3"
"2450","DunningRandall"
"2451","Ulfigone"
"2452","jane_aelst"
"2453","BrooksBunny"
"2454","ToroSucre"
"2455","RodriguezJack"
"2456","phyerfly728"
"2457","AnilNS425"
"2458","DebraBirchfiel1"
"2459","dmacginty1"
"2460","nouglypantsuits"
"2461","onebusybeemom"
"2462","FallOfTheGard"
"2463","gigi_pep"
"2464","alh717"
"2465","EddieHe98039267"
"2466","carogasj"
"2467","Tamzanne71"
"2468","NotreDan1971"
"2469","tchyntia"
"2470","GaryAnnT"
"2471","kacat1998"
"2472","BoydTcabs4boyd"
"2473","bernstein_grace"
"2474","911vic911"
"2475","SCRooster1107"
"2476","PattiSerafine"
"2477","2nd_To_None"
"2478","OUSoonerQueen"
"2479","skinsallin1"
"2480","onpointYGMarvez"
"2481","MrDavidAlanMab2"
"2482","ShawnSulouff"
"2483","Zucchini71"
"2484","FelkerDonald"
"2485","PoliticallyRYT"
"2486","mrpitman76"
"2487","yishenxinshen"
"2488","BrookLassie"
"2489","cvlzd_barbarian"
"2490","BeckyDeplorable"
"2491","Linda07763169"
"2492","Max_VikingAxe"
"2493","RickLevine4608"
"2494","brucegolfnut"
"2495","thebazzell"
"2496","OriginalLarson"
"2497","PamNeufeld"
"2498","RockerChick5050"
"2499","xyzMicheal"
"2500","American525"
"2501","Joe30Shoeless"
"2502","laamigable21"
"2503","mcabeerut1977"
"2504","riverbaby718"
"2505","julaveeric"
"2506","Mrbaroo5"
"2507","EvelynStuart20"
"2508","AngiePa75810192"
"2509","PhD_Guy"
"2510","1sfleming302"
"2511","AntoineBrion"
"2512","ToniS7575"
"2513","ChipedIn"
"2514","ctruey"
"2515","AnnMW66"
"2516","Michele24989743"
"2517","1_americafirst"
"2518","TheJohnBiber"
"2519","MLHURST2"
"2520","bigglesthemind"
"2521","PaulWKrausJr1"
"2522","Dentyn1981"
"2523","Craig62125483"
"2524","jking5321"
"2525","LauraHuffman18"
"2526","Roni_K_Patriot"
"2527","KernsWilliam"
"2528","BruceChambers"
"2529","gabbyhila"
"2530","garcia_samuel_"
"2531","nascargege"
"2532","321ThroatPunch"
"2533","eyesonu17"
"2534","TimChap45336298"
"2535","SandyD0315"
"2536","fox2lion"
"2537","justmeplz11"
"2538","rlm6789"
"2539","Lillysplace1"
"2540","KurdzosGary"
"2541","FRLarson"
"2542","thunder_gray72"
"2543","bdyboy77"
"2544","WomanMesa"
"2545","Geechi79"
"2546","TubertiniLora"
"2547","jjherm1"
"2548","ahargett303"
"2549","patfantasia42"
"2550","BlueAngel1827"
"2551","monuisgreat"
"2552","KatrishaSmith"
"2553","johnjwarren74"
"2554","Ratso72"
"2555","KeleJohnson"
"2556","fomas73"
"2557","sfroms"
"2558","ladiharli"
"2559","Spectre1911"
"2560","teri31313"
"2561","KathyAt82710852"
"2562","CarlaCoonAuthor"
"2563","mortarsup"
"2564","check6tex"
"2565","anjihooper"
"2566","matte1957"
"2567","Pandthree"
"2568","patrici91682385"
"2569","KellyBMay4"
"2570","HomunculusLoikm"
"2571","ksorrentino60"
"2572","IAmNoOnefree"
"2573","lorifiore"
"2574","horn_trump"
"2575","ljwrn94"
"2576","ERINN1331"
"2577","akszule"
"2578","dferry1010"
"2579","janr140802"
"2580","roses12411"
"2581","zlf99009539"
"2582","boatturn"
"2583","TammyMa59761564"
"2584","Patriot1059"
"2585","Patri56"
"2586","FawnFargo"
"2587","PatrioticCindy"
"2588","r09d09d08"
"2589","AmyJoHall21"
"2590","MikeHwrdfla"
"2591","pvinyard"
"2592","calcatstarr"
"2593","Mammagistweetin"
"2594","liberaltears67"
"2595","JohnnyMVP9"
"2596","res0416h"
"2597","MollyMinar"
"2598","MBOKSR_MAGA"
"2599","aggie4life59"
"2600","imtheevilone"
"2601","ThePatriot006"
"2602","tigerlily5252"
"2603","FarRightRob"
"2604","JstanleyStanley"
"2605","AngeleyesEva"
"2606","gp9122"
"2607","BBassAssassin"
"2608","GardeniaWoman"
"2609","62leviuqse62"
"2610","DavidLaneUSA"
"2611","kaybrunetti"
"2612","ckach"
"2613","MEAllen16"
"2614","tider97"
"2615","tx_spirit"
"2616","icyman33"
"2617","jaxminejane"
"2618","24poisonivy"
"2619","Charlie87526606"
"2620","alicegarrigusa1"
"2621","Woke2008"
"2622","JanaCasler"
"2623","JamesBurcham7"
"2624","AnneLon50242127"
"2625","karinsabatini1"
"2626","KingGadeiros"
"2627","DanaBoos3"
"2628","ospreylady"
"2629","TheOxyCon"
"2630","sherry_kerdman"
"2631","patriotcjd"
"2632","Christine_M10"
"2633","au67"
"2634","MaryPharaoh"
"2635","biggs_boss"
"2636","McGupp14"
"2637","cek35755953"
"2638","icare4america16"
"2639","Violet_Flower13"
"2640","JoaninDenver"
"2641","sidneybarrett"
"2642","lleftlanetrain"
"2643","MagnusonThad"
"2644","MovingUP25"
"2645","Terry71324558"
"2646","RosemaryAhrens1"
"2647","VaughnHarper"
"2648","dralmavillegas"
"2649","DecosterGina"
"2650","BeccaFehrle"
"2651","JasonKurth4"
"2652","mikecarper34"
"2653","katemaga16"
"2654","cares_matic"
"2655","Pacoro100751"
"2656","melvinbrady7"
"2657","toro628"
"2658","ConservativeUS2"
"2659","bwareham2"
"2660","bparent64"
"2661","heskipto"
"2662","michelekvaska"
"2663","UTHornfanWood"
"2664","903GaGa"
"2665","gatorbob1301"
"2666","cruise1213"
"2667","McBride8"
"2668","KikinboRivas"
"2669","jwswanger"
"2670","psujwj"
"2671","jacobhafenstei1"
"2672","TKE917"
"2673","JacquelineDola6"
"2674","TXCrude"
"2675","deplorableBob63"
"2676","kidletsrn"
"2677","BYetii"
"2678","jules618790"
"2679","ChristineRawan"
"2680","jhevols"
"2681","francesloverly"
"2682","mpls55418"
"2683","Magnottimarci"
"2684","TheTXOilMan"
"2685","irishman411"
"2686","aimeelovescali"
"2687","Amy60088944"
"2688","MumbullsMa"
"2689","Borndeplorable"
"2690","drobb6969"
"2691","SNafegar"
"2692","anniebak13"
"2693","middleriver568"
"2694","GlethBox"
"2695","Avenger82"
"2696","kaylee1011"
"2697","ssmounce"
"2698","h_lshcar14"
"2699","pratt4138nation"
"2700","cullen_melindak"
"2701","mnelson9544"
"2702","MichaelRLewis3"
"2703","oneruffdog"
"2704","WyckoffJane"
"2705","bbonnaffee"
"2706","BobbyWackjob"
"2707","charlesleroy181"
"2708","mctomkat873"
"2709","Deplorable76541"
"2710","coasttcoastgirl"
"2711","KattmaddoxAl"
"2712","Joe30968620"
"2713","Annette41000199"
"2714","realCantrell"
"2715","Conniea66398477"
"2716","TFe8251"
"2717","gfritz5"
"2718","3Tbone3"
"2719","AntifaToronto"
"2720","patriot1115"
"2721","zeniadie"
"2722","realNick777"
"2723","Rich91754"
"2724","bostonuniv1987"
"2725","cas_huntington"
"2726","MichaelJLeBoeu1"
"2727","hartlace1"
"2728","AnitaWiechman"
"2729","Boricua21"
"2730","CindyRhodes3"
"2731","justice12"
"2732","GodBlessOurLand"
"2733","boweturner"
"2734","danoliverlaw"
"2735","Bilyeu_m"
"2736","_TrumpFanPage"
"2737","eugeneradom1978"
"2738","jjob001"
"2739","HowellFelesha"
"2740","GurlRuiz"
"2741","RENITAHEEGER"
"2742","AJHRPMN"
"2743","LynnLynners"
"2744","txjean2014"
"2745","galnolabebu"
"2746","richglasgow"
"2747","judywhite1222L1"
"2748","terrydisbell"
"2749","rgundersen691"
"2750","LoveXoxousa"
"2751","castel_donna"
"2752","kimav12"
"2753","chris_skotnicki"
"2754","TammyGibbs73"
"2755","Catoflacey"
"2756","trumpmaga2017"
"2757","jimmyz_73"
"2758","hwfranzjr"
"2759","Christi23042050"
"2760","4_scribe"
"2761","ejsail"
"2762","VetWithACause"
"2763","goodh20"
"2764","willieluv2016"
"2765","ElleC1983"
"2766","donnasc62662483"
"2767","GregCra27650785"
"2768","ShakeyRT"
"2769","grizzlybear53"
"2770","VINNYEsparanza"
"2771","KellieFontenot1"
"2772","Trevalina"
"2773","mjoprince"
"2774","DBZDoll"
"2775","G27602216"
"2776","DitterBirdie"
"2777","Callarojen"
"2778","Csterli1"
"2779","Alozarkman"
"2780","LakeDweller12"
"2781","rbdenk"
"2782","spartan0214"
"2783","rebeccaOden1"
"2784","eturner010"
"2785","646e62c744d945d"
"2786","DianeSarvis"
"2787","aj27784852"
"2788","AMDQuad"
"2789","Bobbie76886311"
"2790","Steph_O_Reno"
"2791","tired_crap"
"2792","BenWatching3"
"2793","naft82"
"2794","RiportellaMisty"
"2795","MichaelSHubbar1"
"2796","TrailKats"
"2797","Bobbi_Egan"
"2798","brownide5190"
"2799","Thor4306"
"2800","seatvetJ"
"2801","mousymama"
"2802","kpowersfamilya1"
"2803","maslow66223"
"2804","BBBudget"
"2805","tomgreen1959"
"2806","RienboltTerry"
"2807","nanahooten"
"2808","greg_guina"
"2809","RandThompson16"
"2810","fagan_fran"
"2811","cgauthier592"
"2812","ArmyStrong805"
"2813","JasonMcHone1"
"2814","isloving_life"
"2815","Aadams0411"
"2816","luzianalady"
"2817","TrinaParkerCogg"
"2818","Patriot_in_TX"
"2819","Hendon16"
"2820","SeanNic32179577"
"2821","lassefamily"
"2822","DarrellConley12"
"2823","ChrisPerdue15"
"2824","ozzmansmom"
"2825","jgarciaii"
"2826","johndebonao"
"2827","news_jg"
"2828","redpillall"
"2829","TexasDamnit"
"2830","dinahgirl61"
"2831","MariaHMiaCuba"
"2832","brianh781"
"2833","cvrhouston"
"2834","roneaton7"
"2835","leticia_stocks"
"2836","JimLoepp"
"2837","USAProudAD"
"2838","BethMSH_"
"2839","RobertS30289919"
"2840","KazmierskiR"
"2841","Sr1Cory"
"2842","BettinaMcginnis"
"2843","JJT111056"
"2844","bigguy0522"
"2845","PA4TAXPAYERS"
"2846","Miriam93933030"
"2847","BrandonJWalker2"
"2848","klrhenry56"
"2849","widerrdm"
"2850","jcraighj"
"2851","chclark1862"
"2852","patrici27004423"
"2853","real_danwilson"
"2854","ranchwife11"
"2855","SammyJr07"
"2856","tislona"
"2857","ProgPoison"
"2858","LuvVolatility"
"2859","SouthwellLeigh"
"2860","DeadweedALFA"
"2861","SBtx17"
"2862","wakingwinston84"
"2863","Jj2540h1Jj2540h"
"2864","coliver691"
"2865","cconner206"
"2866","Navyvet270"
"2867","wedeacs"
"2868","russellduck48"
"2869","tmadd78"
"2870","tiredoflies66"
"2871","choozurlife"
"2872","Clarabrown79561"
"2873","mdmounts"
"2874","jaymewnelson"
"2875","1VirtualPixie"
"2876","DebSheehan6"
"2877","Laura9341"
"2878","jjddjsarge"
"2879","morganfdavid"
"2880","Le123Ing"
"2881","JodiLynnWalker"
"2882","acwell70"
"2883","MarthaObregon3"
"2884","stevefischer66"
"2885","elmerjfudd2012"
"2886","GWorks55"
"2887","cprocopoi"
"2888","JohnnysAngel7"
"2889","pammyksays"
"2890","DavidDa45021395"
"2891","cjdtwit"
"2892","jamcm0522"
"2893","davidetn23"
"2894","elainemhill1"
"2895","adetwyler"
"2896","MyCrashIs"
"2897","Gravity1223"
"2898","ClaysTune64"
"2899","swbiggs"
"2900","ssahrom"
"2901","luvofUSA"
"2902","wuxeter"
"2903","gymjudge10"
"2904","jamiebyrd060"
"2905","gpinaz"
"2906","Gregmo2"
"2907","FollowTheFacts7"
"2908","Doomjael"
"2909","b40bound"
"2910","jmac999"
"2911","Chicagobred1976"
"2912","Sisterval72"
"2913","DebbieS091281"
"2914","Txwench"
"2915","yphillips135"
"2916","sande_smith42"
"2917","armasylvia"
"2918","Sgt_Major1776"
"2919","Maggie35333463"
"2920","LittleRhody16"
"2921","honu_papa"
"2922","Nikkistark22"
"2923","TfFaye"
"2924","rdenhaese"
"2925","JeffG701"
"2926","DemosthenesTora"
"2927","DonnaRalidis"
"2928","RealQaadi"
"2929","survrad"
"2930","DougSullivant"
"2931","VickieFindley2"
"2932","spazmom1"
"2933","WasAllSheWrote"
"2934","rightgoddess"
"2935","alb246810"
"2936","nycfla"
"2937","JunkieMonkey13"
"2938","philadper2014"
"2939","bsmith71307"
"2940","superdaveintx"
"2941","Jekklez1980"
"2942","w_tawnya"
"2943","tntranchtx"
"2944","RjReynolds111"
"2945","noelrenrut"
"2946","dweissgarber"
"2947","JesusChristBorn"
"2948","darrellchico"
"2949","JacquiGreen2016"
"2950","wolfeman50"
"2951","Seamus95"
"2952","TakeAStandLeav1"
"2953","Labmissy22"
"2954","Str8hsmom"
"2955","pyarnes"
"2956","BKuks"
"2957","chrisvilla_13"
"2958","glenkae"
"2959","CarolynElliso18"
"2960","DayvaultJay"
"2961","tbarras651"
"2962","MosesMendelsohn"
"2963","KimbellSaffer"
"2964","Tammy4tx"
"2965","wsheeder"
"2966","InformedIntere1"
"2967","jclchiro"
"2968","egtroup"
"2969","SweetFreedom29"
"2970","FreeThi56993890"
"2971","bobsomers4900"
"2972","sailinjackvip"
"2973","ravireport"
"2974","heidigoff71"
"2975","2christian"
"2976","Truck2161"
"2977","jabs611"
"2978","thingamadamit"
"2979","MTort41"
"2980","Hbkjoey2275"
"2981","FoKuZ5"
"2982","Footer20"
"2983","Bigmatt777Matt"
"2984","USAF77David"
"2985","equityopinion"
"2986","jimcochran11"
"2987","TraKlein"
"2988","boswell_allison"
"2989","MAGAveteranRobi"
"2990","SynWright"
"2991","chiefwalkalot"
"2992","I2dance"
"2993","dahdae12"
"2994","Special_opps"
"2995","ClaverieAndersn"
"2996","Michael34836188"
"2997","Patriotgirl24"
"2998","pigsooie42"
"2999","TheBabiesGG"
"3000","Arthurs19562936"
"3001","rjfennell"
"3002","bexntex"
"3003","MsJonsie2you"
"3004","RobbieAnnDodd1"
"3005","CFP63"
"3006","larrydblv"
"3007","Rrdew"
"3008","BishmailBishop"
"3009","AirForceColone1"
"3010","beckelro"
"3011","aurialius"
"3012","coltoncg"
"3013","Grubercratspott"
"3014","GrannyPi"
"3015","cbmontpetit"
"3016","sabs_3880"
"3017","kfunk2"
"3018","leng305"
"3019","AbernathyLlinda"
"3020","Jedimark76"
"3021","SzzHal1"
"3022","Nursegoes"
"3023","lfrias8"
"3024","RobinSowder"
"3025","Angelamai1611"
"3026","Royals_BB_Champ"
"3027","ALTERNATVEPOTUS"
"3028","Kathryn30938476"
"3029","1MuskyHunter"
"3030","realtythorne"
"3031","GGpatricea"
"3032","j3nnp4c3"
"3033","Wrenagade16"
"3034","Matt_S_Ritchey"
"3035","BrerHog"
"3036","soweona"
"3037","TLandin"
"3038","Louise49153139"
"3039","libertyhugger"
"3040","mrsbjax"
"3041","Rebashoenfelt1"
"3042","DavidCoonrod2"
"3043","LibertysArmyJr"
"3044","Mcinfo1"
"3045","mrmonks01"
"3046","jesse_barbas"
"3047","MikeTho67616214"
"3048","cyndalb121"
"3049","ShannonKnotts5"
"3050","garryjhowell"
"3051","jimsteph88"
"3052","pamellasiemers"
"3053","tonykarma2020"
"3054","Stephan72672353"
"3055","TillmanMason2"
"3056","darla22686198"
"3057","gary9758"
"3058","cocogigi"
"3059","mikshelb"
"3060","blessedtexan"
"3061","YorkieMom_3"
"3062","kissatex"
"3063","TrumpsNation45"
"3064","Bfragrancefree"
"3065","PJNET_GA"
"3066","DarkVoid255"
"3067","sunbeltgirl"
"3068","DataGenesis"
"3069","mostcoolsusie"
"3070","devine240"
"3071","mopenshaw"
"3072","danphillips00"
"3073","SmartGirlSandy"
"3074","testisfidelis"
"3075","Trisha829"
"3076","BarbGpatriot"
"3077","DALHOU"
"3078","ThelmaDade"
"3079","CarmenPuha"
"3080","sadhobby"
"3081","MarcyWin4D"
"3082","CurmudgeonlyOpa"
"3083","GuyVanAnderson1"
"3084","ekmonaco"
"3085","alitabrizi88"
"3086","Tank26757258"
"3087","Kdsellers_99"
"3088","RobertRuban"
"3089","monica9691"
"3090","78crystalfu"
"3091","JohnJwgourley"
"3092","wbaum73"
"3093","marilinRN"
"3094","castorfeliciano"
"3095","bob_drummond"
"3096","CynthiaSchnepp"
"3097","JoelRabon"
"3098","asc96b"
"3099","jeanett83373181"
"3100","chatti_cathi"
"3101","RichardBlane9"
"3102","LWBmarinemom"
"3103","whiteroughseas"
"3104","wdalereneaujr"
"3105","Tom4102"
"3106","SoSezMikey"
"3107","BardomianoOrte2"
"3108","BILLMCBEE1963"
"3109","tennis_ann"
"3110","IsraelIndig"
"3111","DavidEa36142684"
"3112","massey61"
"3113","customwww"
"3114","EmJadoo1"
"3115","aladayllc"
"3116","Kitchenmama"
"3117","NowThinkAgain"
"3118","thomashourigan1"
"3119","VioletTittle"
"3120","sdebbieharris"
"3121","1spdpda"
"3122","KansasIsrael"
"3123","russellp3000"
"3124","JeffW20762675"
"3125","JohnnyAstarita"
"3126","TheLeftIsEvil"
"3127","utklawyr68"
"3128","d786ca2167c5494"
"3129","JWarbaby"
"3130","llarsen54931"
"3131","jeannej44"
"3132","suzerlynn"
"3133","WilMc51"
"3134","Tott1955"
"3135","lkpate"
"3136","crouch01"
"3137","SupporterAn"
"3138","tamladp"
"3139","M37chizedek"
"3140","camaro201088"
"3141","cdeencourage"
"3142","mydayofbeauty"
"3143","AlterEg87241191"
"3144","KMMFA3"
"3145","snelson134"
"3146","PoliticalCow"
"3147","ejrahn"
"3148","carolramsey"
"3149","dedicos"
"3150","twodogs59"
"3151","the_comingwar"
"3152","Mpv3V"
"3153","filmdude63"
"3154","I_loveUSAmerica"
"3155","sunnyherring1"
"3156","DonnaDiorio"
"3157","Sharpt_Wit"
"3158","Nikolo007"
"3159","Tonihalejohnson"
"3160","betruthful4123"
"3161","sportsfan_23"
"3162","melintexas"
"3163","Jakedinger6"
"3164","PennyHicks13"
"3165","elizondo_sheila"
"3166","CanisHelix"
"3167","MadStrongTower"
"3168","ChakalRudy"
"3169","debrablueeyes"
"3170","cruzn4me03"
"3171","lonetreereality"
"3172","FabKalEl"
"3173","HLWarren4"
"3174","Peteryder2"
"3175","badwolfdad"
"3176","cjbj731"
"3177","CaptRoger"
"3178","Croatansound"
"3179","USACovfefe1"
"3180","debannec"
"3181","HermanTheET"
"3182","friends_mrs"
"3183","TaxationIsLame"
"3184","AubreyRavenwood"
"3185","dyanjae"
"3186","randi65ui"
"3187","TexasLips"
"3188","SWhitman52"
"3189","sofiaelpidagapi"
"3190","LoneEagal21"
"3191","coffey1962"
"3192","DragonForce_One"
"3193","bo_nessround"
"3194","snowbunnyclark"
"3195","mixedczech"
"3196","Djackso1492"
"3197","loringlav74"
"3198","wil15860176"
"3199","EDeCaal"
"3200","Metalworks4"
"3201","bjdjtexbiz"
"3202","jr_godzilla"
"3203","starrbell14"
"3204","usc8385"
"3205","NOPCJC"
"3206","princesssofpwr"
"3207","mdloa734"
"3208","RhinoluvsUSA"
"3209","HildaHilzee"
"3210","Twin_Travel"
"3211","saha_shayon"
"3212","AaronRothering"
"3213","akoz53"
"3214","Knealy57"
"3215","JackTinney2"
"3216","DTCarpentry1"
"3217","Fighting4_USA"
"3218","dshmitch"
"3219","DGlavine"
"3220","Chrisrobin315"
"3221","jsfind"
"3222","MyraLockett2"
"3223","DanielWaltz13"
"3224","MsDayPlanner58"
"3225","TPwestTX"
"3226","RockemSockemD"
"3227","katieissweet_99"
"3228","JamesBa14470540"
"3229","Patri0tiCupcake"
"3230","PamelaSmallwoo1"
"3231","sblaylock1021"
"3232","Richmartinezz3"
"3233","MariaNunziata1"
"3234","IDoWhatIWantNow"
"3235","chrisacorbett"
"3236","Astro3783"
"3237","realBlakeMartin"
"3238","JeremyBerry2000"
"3239","Kala712125351"
"3240","Jrsatty"
"3241","jennifergoudeau"
"3242","glendanellriley"
"3243","ColinGRoss"
"3244","antilamegame"
"3245","LatinMass9876"
"3246","whatsthat_tweet"
"3247","boldwater_garry"
"3248","trumpfor20202"
"3249","WhoWolfe"
"3250","gringaloca11"
"3251","Smith63Jim"
"3252","7Denise"
"3253","David62408897"
"3254","gforrest47"
"3255","BigStal"
"3256","keith69_yepitme"
"3257","realjimharris_"
"3258","grandmaj2"
"3259","Luv11write"
"3260","katucha33340576"
"3261","broomrider29979"
"3262","prosepat"
"3263","memetheuniverse"
"3264","StandForTheFla5"
"3265","mpdugas"
"3266","Lori_Commander"
"3267","Cito1952"
"3268","Bassmaster12"
"3269","LaurieBlueBarn"
"3270","mrthirstyneck"
"3271","Shalegladfelter"
"3272","sgrandmont"
"3273","bknighton76"
"3274","traciloveswords"
"3275","trevors241"
"3276","bestnunuever"
"3277","BadaBing52"
"3278","nanci1028"
"3279","jhan134"
"3280","candicedavis111"
"3281","GraceLaMontagn2"
"3282","Kim42397778"
"3283","Terri_Dink"
"3284","smokeyjude123"
"3285","yockeykristina"
"3286","Duncan14118798"
"3287","rcy23"
"3288","ken30181"
"3289","cherylwall32"
"3290","lisapmarcus"
"3291","wsfoodsafety2"
"3292","_VVoke_"
"3293","dstouty"
"3294","PeggyGraves18"
"3295","nuttumas"
"3296","debbieshadow1"
"3297","KevinRhett"
"3298","Rebecca01281"
"3299","merika2018"
"3300","rhbaseball15"
"3301","JustGoForIt"
"3302","TheGr8Awake"
"3303","JamesTexasUSA"
"3304","DrBoHammer"
"3305","ScottLingard5"
"3306","Gummshrimp"
"3307","lgintheknow"
"3308","len_lloyd"
"3309","jak2A"
"3310","jbsny131"
"3311","MarthaHoople"
"3312","aranch"
"3313","NanaNux4"
"3314","dove_redfox60"
"3315","texas_berg"
"3316","Robert_J1"
"3317","HULSEYR7"
"3318","gnsisbmx"
"3319","Jo49672031"
"3320","LisaCha10703695"
"3321","sellinshovels"
"3322","StopQatarNow"
"3323","Conservatexian"
"3324","vaquerochan"
"3325","Red2uMoody"
"3326","ChristineCoy5"
"3327","heitmany"
"3328","praynDiane"
"3329","GaryJPalys"
"3330","c_davisec"
"3331","MyCowboys60"
"3332","temreb"
"3333","levy98s"
"3334","tomflan42693824"
"3335","mrsjfbj"
"3336","silentmajba"
"3337","chaeemychoices"
"3338","mey8s"
"3339","TheRealJeepin2k"
"3340","IrishMexican1"
"3341","sherry50waldie"
"3342","vetfor_trump"
"3343","YallShane"
"3344","RootsmanE"
"3345","rn_deplorable"
"3346","MAGAMARK62"
"3347","Edmypurefreedom"
"3348","thebeast7_27"
"3349","capricornchik66"
"3350","conservador777"
"3351","chuckcraig1"
"3352","_YvonneBurton"
"3353","DrewGardner19"
"3354","systekd"
"3355","zoombouse"
"3356","TheDonnnieSharp"
"3357","dagahomes"
"3358","1jmann"
"3359","SackOfPoopie"
"3360","d155719ec1bd467"
"3361","MAGATrump_1"
"3362","EricMorgan66"
"3363","DavidHo03209001"
"3364","ChrisSnider83"
"3365","Pamie09621111"
"3366","wylie75069"
"3367","wpmbd1"
"3368","ClarionChronicl"
"3369","Gypsy32281"
"3370","steveg06"
"3371","Rparisee"
"3372","kyleraccio"
"3373","genacrowe"
"3374","W3Christian"
"3375","TrumpSupport13"
"3376","Barryba35045827"
"3377","bensolo123"
"3378","sonnydeperio"
"3379","michaelcooley1"
"3380","moppann"
"3381","BonkersY"
"3382","rptex"
"3383","poppasmith0602"
"3384","MtnLady14"
"3385","Not4kids2010"
"3386","rickypenny4"
"3387","sschwans"
"3388","MilesMi47489133"
"3389","diane_devendorf"
"3390","Chellelvsmusic"
"3391","JasonBourne956"
"3392","sommer_vsommer"
"3393","coachcubs"
"3394","carol57085129"
"3395","katscan27_kim"
"3396","millarjohnf"
"3397","Trump2020_KAG"
"3398","EMBASMU2004"
"3399","davidtheaterkid"
"3400","Str8outDTrailer"
"3401","troyevanovich"
"3402","ElizabethWarwi9"
"3403","MAGA1917k"
"3404","TexasPatriot777"
"3405","CatDogDays"
"3406","MAGAGIRL52"
"3407","drsarchet"
"3408","ukloner"
"3409","sofarihaze"
"3410","EBE2014"
"3411","SBC1959"
"3412","rvrctygrrl"
"3413","paulamac25"
"3414","SardonicSpouse"
"3415","DaBaronVH"
"3416","selftestok"
"3417","Osbourne601"
"3418","drtiner69"
"3419","cxfour"
"3420","apfvbrj"
"3421","DietrichWendy"
"3422","JerryTrump3"
"3423","dwellick65"
"3424","BazemoreD"
"3425","MsAvaArmstrong"
"3426","cjgerdes"
"3427","JBForTrump"
"3428","TexasRPhJD"
"3429","fredswork"
"3430","kittums123"
"3431","bethanncook"
"3432","Bcastleforte"
"3433","Liberty_Ally"
"3434","LaRazaRacism"
"3435","gaymartinin"
"3436","ggb_1944"
"3437","mgrant76308"
"3438","DragonLord725"
"3439","dawgsday7672"
"3440","sweetpeach77"
"3441","wzdtim"
"3442","SecretVader"
"3443","Lisa22545183"
"3444","CedAndy1"
"3445","MDiaz_PDR"
"3446","crcelli"
"3447","BubbaSponge199"
"3448","FrancisHeathco1"
"3449","anna_deardorff"
"3450","ShirleyBanhagel"
"3451","WestTXHunting"
"3452","JimFreedom2"
"3453","pitbullrescuer"
"3454","VictorianaCara"
"3455","kpsatdse"
"3456","sirfirchick"
"3457","DanaHickle"
"3458","number1green"
"3459","Popdam25"
"3460","celentano_anita"
"3461","JackieSchank"
"3462","RANDYADV1"
"3463","TheIronTower"
"3464","CowboyB_65"
"3465","CJBueno10"
"3466","RogerLHaviland"
"3467","TayRademacher"
"3468","Erikajakins"
"3469","socratesrocks"
"3470","drWilda"
"3471","obryanblack"
"3472","JulieLPoole"
"3473","thompsonjacka"
"3474","BlackKnightTac"
"3475","PhyllisCowan"
"3476","itslindauher"
"3477","mickeyt7777"
"3478","maxtodana"
"3479","1badhawg"
"3480","KelleyK79"
"3481","DonJr1770"
"3482","FlagofFreedom4"
"3483","drrichswier"
"3484","CyndiRocks1"
"3485","DavidSinclair7"
"3486","vincent_goetz"
"3487","BrianKJennings7"
"3488","floydp75423"
"3489","OneJarheadTime"
"3490","geno0157"
"3491","trocino_sherry"
"3492","kpo3333333"
"3493","shysells"
"3494","wthorse777"
"3495","PeckishSnake"
"3496","Jus2Ibony"
"3497","JeffKiser16"
"3498","TootsieMarie"
"3499","rich3fan"
"3500","RebeccaSueMoye2"
"3501","RaeEitel1"
"3502","JamesMHalloran1"
"3503","Covfefe_Gold"
"3504","yoforti"
"3505","GaenellG"
"3506","CBockino"
"3507","80128Patriot"
"3508","fturner06144"
"3509","moaed200"
"3510","Skull_Is_4_Real"
"3511","M_McMullenAggie"
"3512","rirvine113"
"3513","bygrace__"
"3514","jimtypes"
"3515","Zan_Prince"
"3516","Cowboy5Man"
"3517","Patriot3501"
"3518","jcgolfer"
"3519","Iceman2218"
"3520","joliv2travel"
"3521","OldBanner"
"3522","Suluclac"
"3523","DinduNu68575825"
"3524","Jetlander1"
"3525","DebNC93"
"3526","alicepbrown"
"3527","lisa_harper9"
"3528","Grayciex"
"3529","americanslavep2"
"3530","kevbly250"
"3531","MLE111"
"3532","CPDupre71"
"3533","therobbranscum5"
"3534","Betzaid59786649"
"3535","realfreenhappy"
"3536","HelloTeamTrump"
"3537","RU4OSU"
"3538","Carolde"
"3539","Jwm107Morris"
"3540","KentRademacher1"
"3541","GM7715"
"3542","McginnKeven"
"3543","rdiz777"
"3544","PeggySummy"
"3545","Williamwilhit14"
"3546","Btelfian"
"3547","Ministerofblog"
"3548","_Marielos_"
"3549","enaid_yretciva"
"3550","myMissAngie"
"3551","rwhisen"
"3552","braveheartengr"
"3553","BrendaLZamora"
"3554","Armykeith"
"3555","Nancy99881612"
"3556","JKWiseman"
"3557","BuzikRaina"
"3558","markanddebwilk1"
"3559","GioiaMadonna"
"3560","stevekim889"
"3561","georgeb19702"
"3562","betterintexas"
"3563","albudayr"
"3564","absparrow"
"3565","redmondartistry"
"3566","nmhoney11"
"3567","Hydro_Warehouse"
"3568","PennyLDuncan"
"3569","SallyHa01573596"
"3570","CathieLopez47"
"3571","malott_kim"
"3572","KarenLynnBNB"
"3573","rmcmartino1"
"3574","maryckatytx"
"3575","StevenFogg5"
"3576","teraskasi1"
"3577","rma1048"
"3578","JBOfromSuwanee"
"3579","xShadowWolf44x"
"3580","MsContradict"
"3581","Slick6174"
"3582","reigningzar"
"3583","lamiette512"
"3584","ancestralcharts"
"3585","sen_sonja"
"3586","ras38132677"
"3587","davidhu93535799"
"3588","javadisciple"
"3589","CeCewoodss"
"3590","tyler_MBA"
"3591","squawkitcat1"
"3592","shakie8"
"3593","RedLugh"
"3594","kepplejl"
"3595","SimWhoDatBrown"
"3596","Karengrisham1"
"3597","Esteban15120999"
"3598","arthino"
"3599","rjblacktx"
"3600","rugerboy"
"3601","SouthSideRich64"
"3602","nascarwoman68"
"3603","tcsmo"
"3604","BarbaraIrvin"
"3605","Casper30214"
"3606","Bulouvere"
"3607","UziBully"
"3608","carrie_maga2020"
"3609","Carolynyadayada"
"3610","StevenS79307808"
"3611","Emily11561713"
"3612","robinlecronesco"
"3613","texasbeararms"
"3614","DerendaPlunkett"
"3615","BarryWhite4"
"3616","DHochleutner"
"3617","teenascbks"
"3618","RealWomenVoters"
"3619","buzzfeedrainbow"
"3620","tommy10ec"
"3621","Laura1342"
"3622","VaMercedeslady"
"3623","ozoxanime"
"3624","BonnieJAnderso2"
"3625","Creativeways4"
"3626","MacovitzGeary"
"3627","mercedezohara76"
"3628","RedfearnsTake"
"3629","ruautowize"
"3630","HonJMMcCoyRet"
"3631","jonesy_za"
"3632","USAFIRST123"
"3633","honeycreekfarms"
"3634","memelurker"
"3635","Wayne82509437"
"3636","huaren4trump"
"3637","MGeilin"
"3638","rtxreyna"
"3639","Scottforusa"
"3640","Janicedeshield1"
"3641","Illuminate1465"
"3642","WaddellShirley"
"3643","arden191"
"3644","Jonbret3"
"3645","AtoCWoman"
"3646","ragomuffin302"
"3647","WhiteOne413"
"3648","KandissM1"
"3649","hornetfirearms"
"3650","Cmcanelly"
"3651","KarenClayden"
"3652","dtoshhumper"
"3653","jeannietweetin"
"3654","Horsetrader1832"
"3655","justmimiliz"
"3656","AbichtRichard"
"3657","Jo_LuciaLuciano"
"3658","bobbycatania"
"3659","FredHogan14"
"3660","JLandcrew"
"3661","hill_ttiaustin"
"3662","charvreit"
"3663","TrumpWillMAGA1"
"3664","realthomfalcon"
"3665","gayesday"
"3666","JerseyGoods"
"3667","kgd1963"
"3668","MargoLogan"
"3669","FLAWorkersComp"
"3670","CombsJanice"
"3671","Oves00"
"3672","Davido1848"
"3673","carabeni"
"3674","elizabethj1974"
"3675","KarmaSQuirrel17"
"3676","Crownfin"
"3677","kjfenton"
"3678","Lindaloveslabs"
"3679","AnicWade"
"3680","Trapshooter61"
"3681","justpeachyalors"
"3682","gabbywon"
"3683","Bama_Boy_316"
"3684","JonnyMiller1923"
"3685","art_grove"
"3686","jimquinley"
"3687","MansardtheGreat"
"3688","PatsyO1963"
"3689","nicher66"
"3690","WethePeoplePets"
"3691","DallasMimi"
"3692","sacandagagurl"
"3693","DiversityLie"
"3694","SquasherG"
"3695","koda1950"
"3696","LavergneLuis"
"3697","Uncle_Dudley18"
"3698","firefan17"
"3699","Spencwr2"
"3700","elm9560"
"3701","hdmctsV"
"3702","nevylen"
"3703","MaryH59433560"
"3704","akaBarni"
"3705","ShaftJust"
"3706","slynsc3301Q"
"3707","AMemedna"
"3708","TaxCreditdotbiz"
"3709","SheilaH78174315"
"3710","Kim68501670"
"3711","vintagewoodie"
"3712","BigChrisTurner"
"3713","shariafighter"
"3714","Iheartamerica10"
"3715","jachin4"
"3716","foofannv"
"3717","cindytsalinas"
"3718","flee8250aolcom"
"3719","jschneiter"
"3720","LindaAndMoe"
"3721","MichaelWBarnet3"
"3722","buckeyebonnie"
"3723","Pattymamaw"
"3724","MAGABUCKS2"
"3725","Sgonzonj"
"3726","tartop"
"3727","JesusAnswer4All"
"3728","GC11630"
"3729","CalMur2"
"3730","America80582377"
"3731","Qns_NY_Cnsvativ"
"3732","Jaclyn73_"
"3733","Erich_Erdmann"
"3734","pattibader"
"3735","Vadi165"
"3736","DFost14"
"3737","LoseyLaurice"
"3738","TheresMia777"
"3739","dsrtvet"
"3740","BerryBe73781129"
"3741","______X____"
"3742","stopraining2016"
"3743","Truthteller1349"
"3744","MadonnaDJ88"
"3745","Luanshihtzu"
"3746","coreybrowning15"
"3747","DavidCa06168440"
"3748","DeeF07059278"
"3749","1253diane"
"3750","Twiterchatter1"
"3751","DarkArchery"
"3752","Joseph_Merritt"
"3753","williac4"
"3754","fleetwoodmacfan"
"3755","7bottlecaps1"
"3756","IndiaStone12"
"3757","flgabstir"
"3758","Barbara2011a"
"3759","PLewisTX"
"3760","AliceHouser2"
"3761","JanettSimmat"
"3762","Moon_Lust"
"3763","charlieREALruss"
"3764","waitwha44888683"
"3765","ArquiPuccio8"
"3766","CausticSarcasm1"
"3767","19D10"
"3768","ReneTheOneOnly1"
"3769","laurargonz"
"3770","PatriotForLife2"
"3771","RandyBMan"
"3772","betotristan"
"3773","thunderstreet23"
"3774","Princess2PtyCak"
"3775","lornevic"
"3776","lmelton801"
"3777","realtking"
"3778","CwilsoJ"
"3779","JohnHogHannah1"
"3780","MarcianoeNoe"
"3781","Lady_Rin_Kelly"
"3782","meatcop2"
"3783","TucsonZia"
"3784","BugEye33987699"
"3785","DeborahCottam"
"3786","gregdavies99"
"3787","fixxer1963"
"3788","mike03car"
"3789","team4nicholas"
"3790","ThickAsABrick72"
"3791","RockinLBrangus"
"3792","Britt2285"
"3793","KarenFerry15"
"3794","the1guy2know"
"3795","RogeReber"
"3796","irelandgurl8"
"3797","HidalgoCoGOP"
"3798","Briinthesprings"
"3799","BostonIrish2018"
"3800","DonnaCastel"
"3801","sandilank"
"3802","dmittler123"
"3803","tonyamp1"
"3804","Dsitzel"
"3805","SteveCaka"
"3806","ChrisMcQuone"
"3807","RightBrainEngr"
"3808","bilic_ivica"
"3809","Sandy65Beach"
"3810","flip5coins"
"3811","1HornedFrog"
"3812","DBB15"
"3813","looneysue"
"3814","1AreYouKittenMe"
"3815","red_dog_w"
"3816","Deplorable10830"
"3817","galiasunshine"
"3818","cat25RIII2"
"3819","pkaminskicdt"
"3820","dss1956"
"3821","71lugnut"
"3822","TeresaC24397591"
"3823","summerday1237"
"3824","LaurieAnnBaker"
"3825","akp2302"
"3826","1965Kobudo"
"3827","BeesonMargaret"
"3828","YouKeepTheChang"
"3829","PopsRT"
"3830","1SoonerRedhead"
"3831","Cableman101"
"3832","donna_lysaght"
"3833","glenn_gabberty"
"3834","gigi6412"
"3835","SonOfSamAdams"
"3836","sacredfeather4"
"3837","jichapin"
"3838","DougCoal"
"3839","shad39"
"3840","MccoyTonia"
"3841","pjlucky927"
"3842","tnetcenter"
"3843","LonPeaBer"
"3844","Casey88497429"
"3845","Elisaabby1"
"3846","SalgueroLydia"
"3847","joshhranicky"
"3848","iLuv45President"
"3849","Emassey678"
"3850","BT4DGTS"
"3851","joetheking777"
"3852","Jabwoww"
"3853","michaelmeans49"
"3854","AggieAFpilot03"
"3855","dej388"
"3856","Nope91750785"
"3857","maria_macaul"
"3858","Spirit0fRock"
"3859","tdunk62"
"3860","McNEWSme"
"3861","HappyMick2"
"3862","Chop0Matic"
"3863","RealSrDollar_"
"3864","gerig52"
"3865","owizze"
"3866","marthadowneast"
"3867","JimEAllen2"
"3868","Escobar121"
"3869","domainer78"
"3870","txbigcatfan"
"3871","Pedro_Riguez"
"3872","roberticog777"
"3873","timkennerjr"
"3874","martyturd"
"3875","jimkim43319"
"3876","KendalEsteves"
"3877","DonnaHa65608314"
"3878","rhoddy1005"
"3879","LeonChurc"
"3880","KayVirgoe"
"3881","susiereeves"
"3882","Trump4Hope"
"3883","1isalone"
"3884","Hamm3jr"
"3885","LaganoNl"
"3886","DonnaShelley2"
"3887","Denys_i_am"
"3888","mpowanda2"
"3889","dirkdiggler67"
"3890","George__58"
"3891","TheBigUnit_KPO"
"3892","bandmom74"
"3893","cwilder1977"
"3894","tomsicari"
"3895","jase_1972"
"3896","txdianemaga"
"3897","LindaDSmith13"
"3898","623Sis"
"3899","DannyTeri"
"3900","MelanieHurley15"
"3901","Tenn_Guy"
"3902","BihmPatriot"
"3903","drmartin111"
"3904","paphotog"
"3905","mistealee527"
"3906","LisaDollar"
"3907","RustyBelinda"
"3908","american_moxie"
"3909","txcompadre"
"3910","9kah9ne9"
"3911","MommaLeones"
"3912","MAGAnow1"
"3913","saharastoocool"
"3914","texasflygal"
"3915","larryne62735207"
"3916","Ooenophilia"
"3917","5dallas345"
"3918","marycorr58"
"3919","RaySiqueiros"
"3920","Richie88B"
"3921","Ecockrill"
"3922","GuillenCN"
"3923","LauraKi8833"
"3924","RCTrumpisback"
"3925","fotophilNC"
"3926","FlamenBug1"
"3927","MCoventry6"
"3928","DBlaser4"
"3929","StephenMcHenry5"
"3930","ernie_rothman"
"3931","ppb49"
"3932","bradottavi"
"3933","dlh0404"
"3934","LeeKeeling45"
"3935","crk153"
"3936","jcsandiego4"
"3937","kathyboswell22"
"3938","kenna0906"
"3939","MollyTx1969"
"3940","JRTEXAS3"
"3941","MikeG95352304"
"3942","gramps97"
"3943","Canesdave"
"3944","StellaH1737"
"3945","JerseyDan67"
"3946","hansoncarla1"
"3947","laxmom27"
"3948","infoZEEKER"
"3949","pinky22williams"
"3950","HowieBye"
"3951","COORS1LIGHT"
"3952","stick375"
"3953","BlackCryptoCat"
"3954","Habzz55"
"3955","whyinfinite"
"3956","batsvann"
"3957","deb2156"
"3958","IamMesmerized"
"3959","VUsamaga"
"3960","LostSoul_76"
"3961","BondJudy"
"3962","Nrose26936629"
"3963","breannbarrow"
"3964","jimusamaga"
"3965","wilkie4"
"3966","mkillgo"
"3967","LovesUSA2"
"3968","TerryTu48569695"
"3969","elder_patriot"
"3970","tweetsbymissy"
"3971","MauriceKeane"
"3972","Crowntiptoe"
"3973","Me262A1"
"3974","realJOSHVIGIL"
"3975","nomalynneggers"
"3976","jcmoontx"
"3977","walterboro"
"3978","sunshinemcls"
"3979","antoniaiadi"
"3980","KrisClark1"
"3981","haleedora"
"3982","nberlanga"
"3983","Rrhode201"
"3984","carol4God"
"3985","V4V1ndetta"
"3986","danmaccol"
"3987","oidcop"
"3988","FValenzuela316"
"3989","1Davie1"
"3990","Beaty11Robert"
"3991","bestofme91"
"3992","DaherLou"
"3993","PackerCurrell"
"3994","tamcam70"
"3995","Lisa46ohio"
"3996","OFS911"
"3997","jbtreasure"
"3998","HandlingBizness"
"3999","MelissaStauff17"
"4000","TEXCOL59"
"4001","jaxjeep"
"4002","mimifinfan"
"4003","Jerrys0522"
"4004","Melvin60310284"
"4005","edjwel8"
"4006","TroyOwenstroy68"
"4007","risdoutt"
"4008","catmiester1"
"4009","Kathleen_Mc53"
"4010","DuckFanbcs14"
"4011","JillyMcK1045"
"4012","James_M_Rankin"
"4013","alan_ivers"
"4014","Aprilvish"
"4015","Evjone95"
"4016","beverlytwigg"
"4017","beckypike34"
"4018","JayDReedy"
"4019","1776Swampfox"
"4020","bubbachewie"
"4021","JimWiggins"
"4022","CarolGerber4"
"4023","Onefloormaster"
"4024","pinnerbits"
"4025","JacynthiaWood"
"4026","Onyx_Bob"
"4027","clintscigar"
"4028","jlb2203"
"4029","xenertechx"
"4030","BobC30762"
"4031","lonestone0135"
"4032","2017America"
"4033","johnnyb197"
"4034","Arevis3"
"4035","Mightymouth5413"
"4036","crimsontidewins"
"4037","Maureen63406860"
"4038","texgirlfan"
"4039","rockysrm77"
"4040","donnamoon81146"
"4041","rpatton104"
"4042","OneidaGamboa"
"4043","ppjm14"
"4044","FatPuddyTat"
"4045","BezoDru"
"4046","tasmith0013"
"4047","proudmary5730"
"4048","andie910"
"4049","jeffjeffries99"
"4050","Ovie26163101"
"4051","coverjustin1"
"4052","angelicwit"
"4053","nona62791357"
"4054","FactsMatterJack"
"4055","Hamilton4TX"
"4056","DennisDizon11"
"4057","TheFrisbeeGuy"
"4058","PhilipKirschne4"
"4059","Saffron_Infidel"
"4060","TXJam726"
"4061","smitty7456"
"4062","hbentley913"
"4063","QKatheran"
"4064","Jcpoison"
"4065","USASoldier1"
"4066","Lima20Alpha"
"4067","IWTWTJP"
"4068","Jacane022"
"4069","likapika27"
"4070","joecyngilles"
"4071","Jamen131"
"4072","DoreRodriguez1"
"4073","trdawson65"
"4074","KenJack49647344"
"4075","Shoorahj"
"4076","vossex"
"4077","shabbysheek77"
"4078","debpearsonTX"
"4079","DianeBright18"
"4080","William66565743"
"4081","gcofmt42"
"4082","MaxwellJayne"
"4083","dcfodder"
"4084","DEPLORA50460459"
"4085","Penny2548GE"
"4086","Jimrmt83"
"4087","MryFollett"
"4088","lorraineGando12"
"4089","francineleroy"
"4090","pony28966"
"4091","msradwoman"
"4092","jerseybadger1"
"4093","maldonadocori"
"4094","JWBamaFan"
"4095","Conrad47836910"
"4096","GampyK"
"4097","onesoldiersmom"
"4098","BigPopa69146863"
"4099","MickeymanPorter"
"4100","JediMike1"
"4101","LadyofFe"
"4102","jimmymack1959"
"4103","shana67946032"
"4104","BillyHGarner2"
"4105","AndrewHinojos3"
"4106","cmpolito"
"4107","ljam352"
"4108","LEW16659064"
"4109","pbrown12891960"
"4110","karinapena_8"
"4111","jonesen1976"
"4112","KhanAsparuh"
"4113","macandroo"
"4114","JAidinovich"
"4115","lkat1356"
"4116","DaBikeRichie"
"4117","MelanieAnnMunde"
"4118","ChushaiHierarch"
"4119","DEA_1967"
"4120","shirley_friday"
"4121","joey_giamanco"
"4122","jay_birdblue"
"4123","5150Ranch"
"4124","merrell3"
"4125","56Dwight"
"4126","pamela_pmlpatt"
"4127","katineastpoint"
"4128","lesles16"
"4129","TrinaMMeadows2"
"4130","TerressaHanna"
"4131","RobertEugeneK12"
"4132","TLGLG"
"4133","brucedix"
"4134","tweetiepie11111"
"4135","lonestarproud2"
"4136","janicewhitmire"
"4137","suzy1215"
"4138","_dannigurrl"
"4139","GroganLaney"
"4140","trudyacain"
"4141","Agunbuc"
"4142","northeastmaga"
"4143","TexasBoyinPA"
"4144","nbnative45"
"4145","dc12tx"
"4146","HanneyGeorge"
"4147","SonjaHHarris"
"4148","b8ilee2"
"4149","LauraLeeDery"
"4150","jkgalt"
"4151","bob_hoke"
"4152","garvin5sharon"
"4153","LesakSarah"
"4154","JohnPot20025458"
"4155","CalifDeplorable"
"4156","richardd57"
"4157","TinaMar54287286"
"4158","jks_jon"
"4159","TBoneTodd24"
"4160","finrisk"
"4161","candisdandy"
"4162","primzfolkz"
"4163","MaureenJaszcza1"
"4164","quien_es_flor"
"4165","TJ13217797"
"4166","bjlyon250GTO"
"4167","KLRodgers3"
"4168","T4Texas"
"4169","leonnica2133"
"4170","BillJoh79314830"
"4171","bestsparklegirl"
"4172","Nascar_Tom"
"4173","123jerryv123"
"4174","Madnessauto69"
"4175","realscottposton"
"4176","Ted_Cruz_2018"
"4177","grainofsand2020"
"4178","FrancisFaustina"
"4179","nanciefox"
"4180","FrebergK"
"4181","p0rkch0p10"
"4182","elizabethjolley"
"4183","bjv1129"
"4184","anhonyf97"
"4185","Giffo97"
"4186","CKleinNY"
"4187","AaronFarrisMN"
"4188","AlejandroQuagli"
"4189","regdunlop999"
"4190","FergKei"
"4191","TeslaIndy"
"4192","ToBellaG"
"4193","JoieQ101"
"4194","S_Tex_Al"
"4195","profekc"
"4196","JCBolWag"
"4197","ElaineIsFedUp"
"4198","et9028"
"4199","gymcat305"
"4200","liberta_o_morta"
"4201","LizSmithEvents"
"4202","mGarza4Trump"
"4203","FreeThinkerSOS"
"4204","ErdEdge"
"4205","ShadowFox352"
"4206","toby_dorena"
"4207","fbuzzg"
"4208","MariellenTilden"
"4209","J_Caulfield_"
"4210","Royal_Rog"
"4211","maginificent7"
"4212","WayneCochran64"
"4213","210GOPTEJANA"
"4214","mfletcher56"
"4215","tonkathebrave1"
"4216","janellpohlen"
"4217","afwife1_cynthia"
"4218","BakerSonPeekay"
"4219","breen_conrad"
"4220","PrincessBibiRF_"
"4221","tnacgal"
"4222","soozanderson4"
"4223","unifyusa"
"4224","NineAttributes"
"4225","Nickdog23"
"4226","ChaoticLady1"
"4227","RobertFox600"
"4228","JuanitaBurrows"
"4229","SecondRoe"
"4230","AJBforTrump"
"4231","ashleycarter555"
"4232","DARNancyHart"
"4233","tetch2176"
"4234","Jeannettem01"
"4235","Doradodave1951"
"4236","newheart4sandy"
"4237","AmatMilena"
"4238","iknitsoidontki1"
"4239","Lourdes70568166"
"4240","GetReal1953"
"4241","breckinh13"
"4242","yankeelady19"
"4243","chacon66_kirby"
"4244","fyremedic1200"
"4245","pdpfacc"
"4246","dlevass"
"4247","ShaggySeville99"
"4248","conservativelw"
"4249","Svingali"
"4250","DGhosoph"
"4251","Guiller55849440"
"4252","DavidRo29943311"
"4253","JudyNana9"
"4254","2017FNR"
"4255","highdegree1"
"4256","TeresaAnne50"
"4257","Saint_Obama"
"4258","vito19695032"
"4259","jd_ozzimo"
"4260","SteveConwellTX"
"4261","BruceHagen"
"4262","keleeleee13"
"4263","0R4N63M4N84D"
"4264","chrissymbrooks"
"4265","joanikledi8"
"4266","maryannrath20"
"4267","joehos18"
"4268","JessMobley4"
"4269","WattzzD"
"4270","CtrRghtMestizo"
"4271","gvancuylenberg"
"4272","Warrensworld22"
"4273","Bfdkjn"
"4274","CKBarker"
"4275","hoagie65"
"4276","JohnNecaise"
"4277","PapaJohns17"
"4278","anonpatriotlady"
"4279","mariah_shayla"
"4280","MarisolTexas"
"4281","SERD1983"
"4282","Arauz2012"
"4283","oivindthorbjorn"
"4284","SSpiewakowski"
"4285","NikkaPrease"
"4286","endhandouts"
"4287","PatriotHope"
"4288","DarJackson63"
"4289","BRJBBRfan"
"4290","Pearl33502007"
"4291","welbornconst"
"4292","ThurlowMelzer"
"4293","lorimccullough_"
"4294","janal811"
"4295","chrissiereilly"
"4296","SnowScape15"
"4297","Eileen_Ironic"
"4298","LBosmenierPMC"
"4299","MarshallCSmith1"
"4300","DebbieForLife15"
"4301","emeraldnijdam"
"4302","sdonahu2"
"4303","camilledover37"
"4304","JPVWAG"
"4305","LabrosseJanice"
"4306","MarcieKimber821"
"4307","RealInfante"
"4308","Alfa9293"
"4309","KRS8822"
"4310","MarcieSchanfish"
"4311","MikeSmi91766987"
"4312","tangiers33"
"4313","MonteShockley"
"4314","AbnRanger3"
"4315","battleborn4T"
"4316","idibruni"
"4317","940Rocky"
"4318","indiawaz85"
"4319","KCpartyof5"
"4320","TrishieMiss"
"4321","JonesysHeart"
"4322","paradise919400"
"4323","greenlingthinks"
"4324","A644437"
"4325","RealYoungBuck87"
"4326","WinderMoll"
"4327","JacynG"
"4328","warrenkylady"
"4329","freedom4all117"
"4330","TrappMy"
"4331","DocBeringer"
"4332","cathy121951"
"4333","Jsue2U"
"4334","GloriaProphet"
"4335","L_DAgostino"
"4336","dancer050557"
"4337","QuiltersArk"
"4338","OkImPrince"
"4339","yvonnecar20"
"4340","FuffleBuff"
"4341","VickiAddington3"
"4342","kwc308"
"4343","Bfif"
"4344","DeanGilkerson"
"4345","Lonnie_Lala"
"4346","rushrogers"
"4347","daisyboca"
"4348","JenATweeter"
"4349","mamahashman"
"4350","Ready1M"
"4351","LiveFreeorDie3"
"4352","MaryPet25270796"
"4353","holycrap37"
"4354","poopsie007"
"4355","baaron270"
"4356","Jill_Vest"
"4357","cafpnut"
"4358","mmdrew2010"
"4359","doug_flynn"
"4360","fanodale"
"4361","mclatterbu"
"4362","dallashoot"
"4363","God_Mode_Ryuk"
"4364","sclaytonjr"
"4365","TinaGacia877"
"4366","Stealth_Patriot"
"4367","Erick_Russell85"
"4368","TexasLisaMaria"
"4369","karenbr01503349"
"4370","donahue_patric"
"4371","Bevlyn51"
"4372","rockynickydog"
"4373","cswadeauthor"
"4374","CHR1ST1NA_T"
"4375","SteveDettweiler"
"4376","EspositoJonni"
"4377","ACitizenHere"
"4378","Karingarrison11"
"4379","StevenDentici"
"4380","johnnybgood1959"
"4381","pirateprty4usa"
"4382","Chris11962"
"4383","JBTexasEx"
"4384","DonnaDandCompny"
"4385","kncroom"
"4386","Anthony87918622"
"4387","micasth87"
"4388","arktvlr"
"4389","donald1151"
"4390","JunerCJ"
"4391","LUSKER29"
"4392","Lmc30807732"
"4393","suitedup07"
"4394","livingforyah"
"4395","neejoughin"
"4396","Mike72457"
"4397","law3650"
"4398","cuppycoco"
"4399","leigh_proper"
"4400","BrittCollins4"
"4401","grannysbees"
"4402","GloryHonorPower"
"4403","notearsbeck"
"4404","jgranderson1965"
"4405","LianneEdborg"
"4406","bogilk"
"4407","pete122661"
"4408","YaboiRotel"
"4409","delaware2709"
"4410","JoeXpressauto"
"4411","lopezginnyyaho1"
"4412","CtZepeda"
"4413","TootsMgoots1"
"4414","carolinasassie"
"4415","MAGABomberBro"
"4416","clarissamehler"
"4417","Ramtheramman"
"4418","jh44776069"
"4419","pathfinder7456"
"4420","Casidygirl1"
"4421","LeeCapobianco1"
"4422","Regansburg508"
"4423","ogfactsonly"
"4424","MarciaDCole2"
"4425","SJTuckett3"
"4426","Cressy777Jeri"
"4427","romanticamper"
"4428","Reaganorama"
"4429","ryanmoore001"
"4430","ProudAmerPatr"
"4431","Negidal"
"4432","Return2Chicago"
"4433","TimPendergrass7"
"4434","tinleaves"
"4435","TforTexas2"
"4436","debraraes"
"4437","RobPurdieWins"
"4438","Braint10"
"4439","murphy8211"
"4440","Barbara10604367"
"4441","TheSuperElite77"
"4442","Skylar7923"
"4443","Jennzsb"
"4444","Rabidcow1"
"4445","pawtrixcove"
"4446","DonaldCameron99"
"4447","SWKoontz"
"4448","LDiamond39"
"4449","kaufman_jacob"
"4450","ScaryGary111"
"4451","JTeisan"
"4452","fushelly"
"4453","RhondaHurley2"
"4454","GParkinsonFarfa"
"4455","GOD_Save_us"
"4456","MineheadNanset"
"4457","WhippetmomDeb"
"4458","Mav3Ramble"
"4459","LaurieCAguilera"
"4460","EdwardAshton30"
"4461","pada5851"
"4462","LDTruceDL"
"4463","WandaMiller5102"
"4464","chupacabra66"
"4465","nyxtopoula"
"4466","carrier_billy"
"4467","JanaseeJane"
"4468","UdvarhelyKevin"
"4469","bernieceparson7"
"4470","Evocatus425"
"4471","dublelee"
"4472","scottysixx"
"4473","neverpanic1"
"4474","JamesCo69645981"
"4475","becky27863"
"4476","dona_booth"
"4477","royalistajoe"
"4478","JohnJon77706148"
"4479","CrystalRoses315"
"4480","CrisB_13"
"4481","Debbie37422841"
"4482","Lizziemom1"
"4483","crowthornejohn"
"4484","cwpeschel"
"4485","Fendi_Gucci_Gal"
"4486","Bperez58"
"4487","suartcat4"
"4488","puppylovesbones"
"4489","MacWebb9"
"4490","MelTheMagaGirl"
"4491","cajunspell"
"4492","HHudek"
"4493","Sarawojo1"
"4494","chanbersJudy"
"4495","charles_gunning"
"4496","CupMargaret"
"4497","CCalvin400"
"4498","BackWoodsBrush"
"4499","SlogicBeth"
"4500","TMarsh14"
"4501","trbrad62"
"4502","cdelpilar5"
"4503","BluGreyhound"
"4504","RealMarySKelley"
"4505","1irishrover"
"4506","skstx"
"4507","teamroper1975"
"4508","nascar88zach"
"4509","johnborgeson"
"4510","C10oki"
"4511","brwatters"
"4512","baconpark"
"4513","LiberalsLose"
"4514","Leanne11549551"
"4515","Rambobiggs"
"4516","carterjashburn"
"4517","jecozc"
"4518","happycycling03"
"4519","coelho_john"
"4520","JimJrat55"
"4521","Chuck_Cloyd"
"4522","Raggmuffx3"
"4523","realPatrickMack"
"4524","AndrewNsDad"
"4525","modusponus"
"4526","djrickel"
"4527","pkolp"
"4528","JuanGar51500646"
"4529","sunwalker64"
"4530","LizSchn78531387"
"4531","LeeWestfall"
"4532","Angeleyesblue77"
"4533","KWEdwards1960"
"4534","MyblueNM"
"4535","MarseilleRivers"
"4536","Allen79934"
"4537","tillinghastpat1"
"4538","BigBurkeBBQ"
"4539","michaelboomer3"
"4540","navyChiefalways"
"4541","jmack0813"
"4542","erniestacy"
"4543","SarahJames1955"
"4544","KathyAnnDelT"
"4545","PenleyEddie"
"4546","bblueberrypie"
"4547","MadMikeTexas"
"4548","sreuling"
"4549","rudoniv"
"4550","LynnWil57987979"
"4551","gingerann7869"
"4552","Rich_Adams1"
"4553","knopp_alma"
"4554","MaggieMaeMooCow"
"4555","joedavid85"
"4556","nicole_insley"
"4557","Jan99464119"
"4558","richakaz"
"4559","SharonNplz"
"4560","kockx_brenda"
"4561","RandieCroshaw"
"4562","Dorothy58109774"
"4563","usagreatnow"
"4564","KimGarrettMBA"
"4565","philkillerlain"
"4566","JimPier04618713"
"4567","jasonsmith0210"
"4568","TStanCarpenter"
"4569","HauberBilly"
"4570","db8y911"
"4571","JasFazolka"
"4572","ITickleU2"
"4573","TruthReport_"
"4574","sgvaldez1948"
"4575","Cowboy8771"
"4576","DoublePTX2"
"4577","LaReesea"
"4578","BelleDeplorable"
"4579","ctMTNeer"
"4580","angie_ponton"
"4581","almonte2323"
"4582","Delta56ca"
"4583","lass4x4"
"4584","catherinekirby"
"4585","DestinyandBruce"
"4586","cyndidavis79"
"4587","sadndfan"
"4588","bill_n22"
"4589","VictorAlavi"
"4590","BonafideTxGrl"
"4591","Jeffrodaman"
"4592","LynnetteLacy"
"4593","Red_Pill_4_U"
"4594","kuntryBoy2010"
"4595","averitt_don"
"4596","sixthgentexan"
"4597","Roxy33000"
"4598","donnieReavis1"
"4599","bk_south"
"4600","tessiemae65"
"4601","CropCareKev"
"4602","dsray1969"
"4603","pulsarzen"
"4604","Jimmythevet"
"4605","PamNuccio"
"4606","William35634710"
"4607","flipadero"
"4608","mjlunsf"
"4609","Gail1814Gail"
"4610","bostonsoxgirl67"
"4611","RickyBird11811"
"4612","ashtra245"
"4613","darling2u"
"4614","Trumpsmypreside"
"4615","tlfhappy"
"4616","anonymouse4537"
"4617","pattylee1901sbc"
"4618","EnowMagam"
"4619","JorgeRmzR"
"4620","MarkJShuler"
"4621","Casshea1"
"4622","TriathleteUSA"
"4623","heifer109"
"4624","KathyYSD"
"4625","mollyday15"
"4626","quebryant"
"4627","Black_Feather55"
"4628","kurszewskiabbie"
"4629","AWetzel9"
"4630","ICXFX"
"4631","PattyRodman1"
"4632","JoeSayegh"
"4633","texasfreedom101"
"4634","mtglicense101"
"4635","nanking2100"
"4636","Pjw20161951"
"4637","eriksson_magnus"
"4638","KolleenMask"
"4639","juanivinaz"
"4640","spanglesvi"
"4641","joseurena7700"
"4642","ProNanomite"
"4643","SHominiuk"
"4644","TRblaster4trump"
"4645","PrettyEyedTexan"
"4646","RColeman60"
"4647","realpaulincoln"
"4648","JBaylor270"
"4649","Steev0_13"
"4650","wreckingcrew44"
"4651","nunya454"
"4652","Stoudtfan"
"4653","john41905554"
"4654","don_b88"
"4655","Jaykay4728"
"4656","nursechikdiva12"
"4657","mcmaltie"
"4658","zebra78610"
"4659","mmaskew"
"4660","IndependAll70"
"4661","ColwellKa"
"4662","cheyenne70"
"4663","KatieFLelite7"
"4664","tammymhayes1"
"4665","RyanSitton"
"4666","rosasiver11"
"4667","LILLYZ720"
"4668","DeplorableNYC50"
"4669","CarolBa88945394"
"4670","KerryWeston7"
"4671","J25DM"
"4672","SamanthaDelVec1"
"4673","SandraMathenay"
"4674","ltowsonhester"
"4675","neptor"
"4676","scott100165"
"4677","marilyn_poskitt"
"4678","blondie_janet"
"4679","joshseay0711"
"4680","margaretbunch18"
"4681","nhra1moparjim"
"4682","WattersonVickie"
"4683","SusieLane"
"4684","lytle_faye"
"4685","jrmaul"
"4686","ehammond67"
"4687","MolonLabe2010ce"
"4688","FelixGGoinsIII"
"4689","SandraGuenther7"
"4690","finsjc"
"4691","GallanJohn"
"4692","Candycity14"
"4693","NONSABRE"
"4694","bentdog21"
"4695","gasrat88"
"4696","presh_beagle"
"4697","happypainter57"
"4698","SUBARU253"
"4699","hankharlowva"
"4700","PostermywallsjA"
